-- Field OS シードデータ (generated 2026-07-06)

INSERT OR IGNORE INTO companies (company_id, company_code, company_name, plan, user_limit, active_status, maturity_level, support_memo, settings_json) VALUES
 (1, 'sample', '株式会社サンプルモバイル人材', 'standard', 30, 'active', 3, '日報テンプレート設計支援を実施中。次回月次レビュー7/15予定。', '{"ranking_visible":true,"ranking_anonymous":false}'),
 (2, 'demo2', '株式会社テレコムスタッフ東海', 'basic', 10, 'trial', 1, 'トライアル中。初期設定代行を提案予定。', '{}'),
 (3, 'demo3', '合同会社ネクストコネクト', 'basic', 15, 'active', 2, '', '{}');

INSERT OR IGNORE INTO users (user_id, company_id, user_code, name, role, password_hash, email, phone, status) VALUES
(1, 1, 'admin', '出井 代表', 'company_admin', 'bd94dcda26fccb4e68d6a31f9b5aac0b571ae266d822620e901ef7ebe3a11d4f', 'admin@sample-mobile.jp', '03-0000-0001', 'active'),
(2, 1, 'mgr01', '藤田 現場長', 'field_manager', 'bd94dcda26fccb4e68d6a31f9b5aac0b571ae266d822620e901ef7ebe3a11d4f', 'fujita@sample-mobile.jp', '090-0000-0002', 'active'),
(3, 1, 'sales01', '岡本 営業', 'sales_manager', 'bd94dcda26fccb4e68d6a31f9b5aac0b571ae266d822620e901ef7ebe3a11d4f', 'okamoto@sample-mobile.jp', '090-0000-0003', 'active'),
(4, 1, 'st001', '佐藤 健太', 'staff', 'bd94dcda26fccb4e68d6a31f9b5aac0b571ae266d822620e901ef7ebe3a11d4f', 'staff1@example.com', '090-1111-1000', 'active'),
(5, 1, 'st002', '鈴木 美咲', 'staff', 'bd94dcda26fccb4e68d6a31f9b5aac0b571ae266d822620e901ef7ebe3a11d4f', 'staff2@example.com', '090-1111-1001', 'active'),
(6, 1, 'st003', '高橋 大輔', 'staff', 'bd94dcda26fccb4e68d6a31f9b5aac0b571ae266d822620e901ef7ebe3a11d4f', 'staff3@example.com', '090-1111-1002', 'active'),
(7, 1, 'st004', '田中 彩香', 'staff', 'bd94dcda26fccb4e68d6a31f9b5aac0b571ae266d822620e901ef7ebe3a11d4f', 'staff4@example.com', '090-1111-1003', 'active'),
(8, 1, 'st005', '伊藤 翔太', 'staff', 'bd94dcda26fccb4e68d6a31f9b5aac0b571ae266d822620e901ef7ebe3a11d4f', 'staff5@example.com', '090-1111-1004', 'active'),
(9, 1, 'st006', '渡辺 由衣', 'staff', 'bd94dcda26fccb4e68d6a31f9b5aac0b571ae266d822620e901ef7ebe3a11d4f', 'staff6@example.com', '090-1111-1005', 'active'),
(10, 1, 'st007', '山本 拓海', 'staff', 'bd94dcda26fccb4e68d6a31f9b5aac0b571ae266d822620e901ef7ebe3a11d4f', 'staff7@example.com', '090-1111-1006', 'active'),
(11, 1, 'st008', '中村 花菜', 'staff', 'bd94dcda26fccb4e68d6a31f9b5aac0b571ae266d822620e901ef7ebe3a11d4f', 'staff8@example.com', '090-1111-1007', 'active'),
(12, 1, 'st009', '小林 竜也', 'staff', 'bd94dcda26fccb4e68d6a31f9b5aac0b571ae266d822620e901ef7ebe3a11d4f', 'staff9@example.com', '090-1111-1008', 'active'),
(13, 1, 'st010', '加藤 芽衣', 'staff', 'bd94dcda26fccb4e68d6a31f9b5aac0b571ae266d822620e901ef7ebe3a11d4f', 'staff10@example.com', '090-1111-1009', 'active'),
(14, 1, 'st011', '吉田 悠人', 'staff', 'bd94dcda26fccb4e68d6a31f9b5aac0b571ae266d822620e901ef7ebe3a11d4f', 'staff11@example.com', '090-1111-1010', 'active'),
(15, 1, 'st012', '山田 莉子', 'staff', 'bd94dcda26fccb4e68d6a31f9b5aac0b571ae266d822620e901ef7ebe3a11d4f', 'staff12@example.com', '090-1111-1011', 'active'),
(16, 1, 'st013', '佐々木 蓮', 'staff', 'bd94dcda26fccb4e68d6a31f9b5aac0b571ae266d822620e901ef7ebe3a11d4f', 'staff13@example.com', '090-1111-1012', 'active'),
(17, 1, 'st014', '山口 心春', 'staff', 'bd94dcda26fccb4e68d6a31f9b5aac0b571ae266d822620e901ef7ebe3a11d4f', 'staff14@example.com', '090-1111-1013', 'active'),
(18, 1, 'st015', '松本 陸', 'staff', 'bd94dcda26fccb4e68d6a31f9b5aac0b571ae266d822620e901ef7ebe3a11d4f', 'staff15@example.com', '090-1111-1014', 'active'),
(19, 1, 'st016', '井上 結衣', 'staff', 'bd94dcda26fccb4e68d6a31f9b5aac0b571ae266d822620e901ef7ebe3a11d4f', 'staff16@example.com', '090-1111-1015', 'active'),
(20, 1, 'st017', '木村 颯太', 'staff', 'bd94dcda26fccb4e68d6a31f9b5aac0b571ae266d822620e901ef7ebe3a11d4f', 'staff17@example.com', '090-1111-1016', 'active'),
(21, 1, 'st018', '林 美月', 'staff', 'bd94dcda26fccb4e68d6a31f9b5aac0b571ae266d822620e901ef7ebe3a11d4f', 'staff18@example.com', '090-1111-1017', 'active'),
(22, 1, 'st019', '斎藤 大和', 'staff', 'bd94dcda26fccb4e68d6a31f9b5aac0b571ae266d822620e901ef7ebe3a11d4f', 'staff19@example.com', '090-1111-1018', 'active'),
(23, 1, 'st020', '清水 陽菜', 'staff', 'bd94dcda26fccb4e68d6a31f9b5aac0b571ae266d822620e901ef7ebe3a11d4f', 'staff20@example.com', '090-1111-1019', 'active'),
(100, 1, 'hq', 'ディセクテラ本部', 'system_admin', 'bd94dcda26fccb4e68d6a31f9b5aac0b571ae266d822620e901ef7ebe3a11d4f', 'hq@dissectra.co.jp', NULL, 'active');

INSERT OR IGNORE INTO staff_profiles (staff_id, user_id, company_id, affiliation, career, skills, work_area, age_group, evaluation_score, retention_risk, follow_flag, memo) VALUES
(1, 4, 1, '株式会社サンプルモバイル人材', '携帯ショップ経験3年。クロージングが得意。', 'MNP,接客,クロージング', '東京23区', '20代', 3.0, 'low', 0, ''),
(2, 5, 1, '株式会社サンプルモバイル人材', '家電量販店イベント経験1年。', '光回線,声かけ', '東京・神奈川', '20代', 3.7, 'low', 0, ''),
(3, 6, 1, '株式会社サンプルモバイル人材', 'ドコモショップ経験5年。店舗リーダー経験あり。', '新規,機種変更', '埼玉南部', '30代', 4.4, 'low', 0, ''),
(4, 7, 1, '株式会社サンプルモバイル人材', '未経験入社6ヶ月。成長中。', '催事,イベント運営', '千葉西部', '20代', 2.1, 'high', 1, '日報未提出が続いている。面談要。'),
(5, 8, 1, '株式会社サンプルモバイル人材', '光回線催事2年。', 'MNP,光回線,でんき', '東京多摩', '20代', 3.8, 'low', 0, ''),
(6, 9, 1, '株式会社サンプルモバイル人材', '携帯ショップ2年。', '接客,クレーム対応', '神奈川全域', '30代', 4.5, 'low', 0, ''),
(7, 10, 1, '株式会社サンプルモバイル人材', '家電量販店1年半。', '家電量販,声かけ', '東京23区', '20代', 3.2, 'low', 0, ''),
(8, 11, 1, '株式会社サンプルモバイル人材', 'MNPイベント経験多数。', 'MNP,新規', '東京・埼玉', '20代', 3.9, 'low', 0, ''),
(9, 12, 1, '株式会社サンプルモバイル人材', '光回線訪問営業1年。', '光回線,置き型WiFi', '東京23区', '30代', 2.8, 'mid', 1, '入店報告の遅れが増加傾向。'),
(10, 13, 1, '株式会社サンプルモバイル人材', '機種変更対応が得意。3年目。', '機種変更,アップセル', '神奈川東部', '20代', 3.3, 'low', 0, ''),
(11, 14, 1, '株式会社サンプルモバイル人材', '携帯ショップ4年。指導経験あり。', 'MNP,PI', '東京23区', '20代', 4.0, 'low', 0, ''),
(12, 15, 1, '株式会社サンプルモバイル人材', '催事スタッフ1年。', '催事,声かけ', '千葉全域', '20代', 4.7, 'low', 0, ''),
(13, 16, 1, '株式会社サンプルモバイル人材', 'クレカ獲得キャンペーン経験。', '新規,クレカ獲得', '東京・千葉', '20代', 3.4, 'low', 0, ''),
(14, 17, 1, '株式会社サンプルモバイル人材', '固定回線コールセンター出身。', '光回線,固定回線', '埼玉全域', '30代', 4.1, 'low', 0, ''),
(15, 18, 1, '株式会社サンプルモバイル人材', 'オールラウンダー。5年目。', 'MNP,機種変更,でんき', '東京23区', '20代', 4.8, 'low', 0, ''),
(16, 19, 1, '株式会社サンプルモバイル人材', '未経験入社3ヶ月。', '接客', '神奈川西部', '20代', 3.5, 'mid', 1, ''),
(17, 20, 1, '株式会社サンプルモバイル人材', '家電量販店2年。', '家電量販,MNP', '東京多摩', '20代', 4.2, 'low', 0, ''),
(18, 21, 1, '株式会社サンプルモバイル人材', 'イベント運営経験豊富。', '催事,イベント', '東京23区', '30代', 4.9, 'low', 0, ''),
(19, 22, 1, '株式会社サンプルモバイル人材', '光回線専門2年。', '光回線', '埼玉南部', '20代', 3.6, 'low', 0, ''),
(20, 23, 1, '株式会社サンプルモバイル人材', '携帯ショップ1年。', '新規,機種変更', '東京・神奈川', '20代', 4.3, 'low', 0, '');

INSERT OR IGNORE INTO clients (client_id, company_id, client_name, stream_type, contact_name, email, phone, address, contract_type, billing_rule, ng_staff_ids, client_rating, memo) VALUES
 (1, 1, '株式会社モバイルプロモーション東日本', 'upstream', '西村 様', 'nishimura@mp-east.example.jp', '03-1234-5678', '東京都新宿区西新宿1-1-1', '業務委託', '月末締め・翌月末払い', '', 4, '主力クライアント。携帯ショップ・催事案件多数。'),
 (2, 1, 'テレコムセールスパートナーズ株式会社', 'upstream', '大森 様', 'omori@tsp.example.jp', '06-9876-5432', '東京都千代田区丸の内2-2-2', '業務委託', '15日締め・翌月15日払い', '16', 3, '家電量販店案件。品質要求が高い。NGスタッフ1名あり。'),
 (3, 1, '株式会社ブロードバンドエージェンシー', 'upstream', '片山 様', 'katayama@bba.example.jp', '03-5555-1111', '東京都渋谷区道玄坂3-3-3', '請負', '月末締め・翌々月5日払い', '', 4, '光回線イベント。土日中心。');

INSERT OR IGNORE INTO report_templates (template_id, company_id, template_name, template_type, fields_json) VALUES
 (1, NULL, '携帯ショップ稼働テンプレート', 'hq', '[{"key":"mnp","label":"MNP件数","type":"number"},{"key":"pi","label":"PI件数","type":"number"},{"key":"shinki","label":"新規件数","type":"number"},{"key":"kishuhen","label":"機種変更件数","type":"number"},{"key":"hikari","label":"光回線件数","type":"number"},{"key":"denki","label":"でんき件数","type":"number"},{"key":"card","label":"クレジットカード件数","type":"number"},{"key":"koekake","label":"声かけ数","type":"number"},{"key":"shodan","label":"商談数","type":"number"},{"key":"seiyaku","label":"成約数","type":"number"},{"key":"good_case","label":"好事例","type":"text"},{"key":"store_share","label":"店舗共有事項","type":"text"},{"key":"other_result","label":"他社実績","type":"text"},{"key":"free","label":"自由記述","type":"textarea"}]'),
 (2, NULL, '家電量販店稼働テンプレート', 'hq', '[{"key":"mnp","label":"MNP件数","type":"number"},{"key":"shinki","label":"新規件数","type":"number"},{"key":"hikari","label":"光回線件数","type":"number"},{"key":"wifi","label":"置き型Wi-Fi件数","type":"number"},{"key":"koekake","label":"声かけ数","type":"number"},{"key":"shodan","label":"商談数","type":"number"},{"key":"seiyaku","label":"成約数","type":"number"},{"key":"store_share","label":"店舗共有事項","type":"text"},{"key":"free","label":"自由記述","type":"textarea"}]'),
 (3, NULL, '催事・イベント稼働テンプレート', 'hq', '[{"key":"koekake","label":"声かけ数","type":"number"},{"key":"shodan","label":"商談数","type":"number"},{"key":"seiyaku","label":"成約数","type":"number"},{"key":"mnp","label":"MNP件数","type":"number"},{"key":"hikari","label":"光回線件数","type":"number"},{"key":"good_case","label":"好事例","type":"text"},{"key":"free","label":"自由記述","type":"textarea"}]'),
 (4, NULL, '光回線・固定回線テンプレート', 'hq', '[{"key":"hikari","label":"光回線件数","type":"number"},{"key":"wifi","label":"置き型Wi-Fi件数","type":"number"},{"key":"denki","label":"でんき件数","type":"number"},{"key":"koekake","label":"声かけ数","type":"number"},{"key":"shodan","label":"商談数","type":"number"},{"key":"seiyaku","label":"成約数","type":"number"},{"key":"free","label":"自由記述","type":"textarea"}]');

INSERT OR IGNORE INTO projects (project_id, company_id, client_id, project_name, project_type, location, unit_price_type, unit_price, required_skills, report_template_id, show_performance, requirements, manual_text, status, memo) VALUES
 (1, 1, 1, 'ドコモショップ新宿西口 常駐販売', 'mobile_shop', 'ドコモショップ新宿西口店', 'daily', 18000, 'MNP,接客', 1, 1, 'MNP獲得・新規/機変対応。月間PI目標30件。', '開店30分前入店。制服貸与。店長への朝挨拶必須。', 'active', '長期継続中の主力案件。'),
 (2, 1, 2, 'ヤマダ電機池袋 モバイルコーナー', 'electronics', 'ヤマダ電機 池袋総本店', 'daily', 16000, '家電量販,声かけ', 2, 1, '声かけ→商談→成約の導線。光回線セット提案。', '入店時は従業員入口から。名札着用。', 'active', ''),
 (3, 1, 1, 'イオンモール幕張 MNP獲得催事', 'event', 'イオンモール幕張新都心 催事場', 'daily', 20000, '催事,声かけ,MNP', 3, 1, '土日中心の催事ブース運営。1日成約3件目標。', 'ブース設営は9:00集合。備品チェックリスト確認。', 'active', '土日メイン。'),
 (4, 1, 3, '光回線獲得イベント 首都圏ラウンド', 'fiber', '首都圏各所(週替わり)', 'daily', 17000, '光回線,声かけ', 4, 1, '光回線+置き型Wi-Fi+でんきのクロスセル。', '会場ごとの注意事項は週次お知らせを確認。', 'active', ''),
 (5, 1, 2, 'ビックカメラ有楽町 週末ヘルパー', 'electronics', 'ビックカメラ有楽町店', 'daily', 15000, '家電量販', 2, 0, '週末のみ。新規・機変サポート。', '実績追いなし。接客品質重視。', 'active', '実績非表示案件。');

INSERT OR IGNORE INTO shifts (shift_id, company_id, staff_id, project_id, work_date, start_time, end_time, location, role, unit_price, transportation_fee, status, registered_by, memo) VALUES
(1, 1, 1, 1, '2026-06-23', '09:30', '19:00', 'ドコモショップ新宿西口店', '販売スタッフ', 18000, 1200, 'confirmed', 2, NULL),
(2, 1, 2, 1, '2026-06-23', '09:30', '19:00', 'ドコモショップ新宿西口店', '販売スタッフ', 18000, 1200, 'confirmed', 2, NULL),
(3, 1, 3, 1, '2026-06-23', '09:30', '19:00', 'ドコモショップ新宿西口店', '販売スタッフ', 18000, 1200, 'confirmed', 2, NULL),
(4, 1, 4, 1, '2026-06-23', '09:30', '19:00', 'ドコモショップ新宿西口店', '販売スタッフ', 18000, 1200, 'confirmed', 2, NULL),
(5, 1, 6, 2, '2026-06-23', '09:30', '19:00', 'ヤマダ電機 池袋総本店', '販売スタッフ', 16000, 1200, 'confirmed', 2, NULL),
(6, 1, 7, 2, '2026-06-23', '09:30', '19:00', 'ヤマダ電機 池袋総本店', '販売スタッフ', 16000, 1200, 'confirmed', 2, NULL),
(7, 1, 8, 2, '2026-06-23', '09:30', '19:00', 'ヤマダ電機 池袋総本店', '販売スタッフ', 16000, 1200, 'confirmed', 2, NULL),
(8, 1, 9, 2, '2026-06-23', '09:30', '19:00', 'ヤマダ電機 池袋総本店', '販売スタッフ', 16000, 1200, 'confirmed', 2, NULL),
(9, 1, 14, 4, '2026-06-23', '09:30', '19:00', '首都圏各所(週替わり)', '販売スタッフ', 17000, 1200, 'confirmed', 2, NULL),
(10, 1, 15, 4, '2026-06-23', '09:30', '19:00', '首都圏各所(週替わり)', '販売スタッフ', 17000, 1200, 'confirmed', 2, NULL),
(11, 1, 17, 4, '2026-06-23', '09:30', '19:00', '首都圏各所(週替わり)', '販売スタッフ', 17000, 1200, 'confirmed', 2, NULL),
(12, 1, 1, 1, '2026-06-24', '09:30', '19:00', 'ドコモショップ新宿西口店', '販売スタッフ', 18000, 1200, 'confirmed', 2, NULL),
(13, 1, 2, 1, '2026-06-24', '09:30', '19:00', 'ドコモショップ新宿西口店', '販売スタッフ', 18000, 1200, 'confirmed', 2, NULL),
(14, 1, 3, 1, '2026-06-24', '09:30', '19:00', 'ドコモショップ新宿西口店', '販売スタッフ', 18000, 1200, 'confirmed', 2, NULL),
(15, 1, 5, 1, '2026-06-24', '09:30', '19:00', 'ドコモショップ新宿西口店', '販売スタッフ', 18000, 1200, 'confirmed', 2, NULL),
(16, 1, 6, 2, '2026-06-24', '09:30', '19:00', 'ヤマダ電機 池袋総本店', '販売スタッフ', 16000, 1200, 'confirmed', 2, NULL),
(17, 1, 7, 2, '2026-06-24', '09:30', '19:00', 'ヤマダ電機 池袋総本店', '販売スタッフ', 16000, 1200, 'confirmed', 2, NULL),
(18, 1, 8, 2, '2026-06-24', '09:30', '19:00', 'ヤマダ電機 池袋総本店', '販売スタッフ', 16000, 1200, 'confirmed', 2, NULL),
(19, 1, 9, 2, '2026-06-24', '09:30', '19:00', 'ヤマダ電機 池袋総本店', '販売スタッフ', 16000, 1200, 'confirmed', 2, NULL),
(20, 1, 14, 4, '2026-06-24', '09:30', '19:00', '首都圏各所(週替わり)', '販売スタッフ', 17000, 1200, 'confirmed', 2, NULL),
(21, 1, 16, 4, '2026-06-24', '09:30', '19:00', '首都圏各所(週替わり)', '販売スタッフ', 17000, 1200, 'confirmed', 2, NULL),
(22, 1, 17, 4, '2026-06-24', '09:30', '19:00', '首都圏各所(週替わり)', '販売スタッフ', 17000, 1200, 'confirmed', 2, NULL),
(23, 1, 1, 1, '2026-06-25', '09:30', '19:00', 'ドコモショップ新宿西口店', '販売スタッフ', 18000, 1200, 'confirmed', 2, NULL),
(24, 1, 2, 1, '2026-06-25', '09:30', '19:00', 'ドコモショップ新宿西口店', '販売スタッフ', 18000, 1200, 'confirmed', 2, NULL),
(25, 1, 4, 1, '2026-06-25', '09:30', '19:00', 'ドコモショップ新宿西口店', '販売スタッフ', 18000, 1200, 'confirmed', 2, NULL),
(26, 1, 5, 1, '2026-06-25', '09:30', '19:00', 'ドコモショップ新宿西口店', '販売スタッフ', 18000, 1200, 'confirmed', 2, NULL),
(27, 1, 6, 2, '2026-06-25', '09:30', '19:00', 'ヤマダ電機 池袋総本店', '販売スタッフ', 16000, 1200, 'confirmed', 2, NULL),
(28, 1, 7, 2, '2026-06-25', '09:30', '19:00', 'ヤマダ電機 池袋総本店', '販売スタッフ', 16000, 1200, 'confirmed', 2, NULL),
(29, 1, 8, 2, '2026-06-25', '09:30', '19:00', 'ヤマダ電機 池袋総本店', '販売スタッフ', 16000, 1200, 'confirmed', 2, NULL),
(30, 1, 15, 4, '2026-06-25', '09:30', '19:00', '首都圏各所(週替わり)', '販売スタッフ', 17000, 1200, 'confirmed', 2, NULL),
(31, 1, 16, 4, '2026-06-25', '09:30', '19:00', '首都圏各所(週替わり)', '販売スタッフ', 17000, 1200, 'confirmed', 2, NULL),
(32, 1, 17, 4, '2026-06-25', '09:30', '19:00', '首都圏各所(週替わり)', '販売スタッフ', 17000, 1200, 'confirmed', 2, NULL),
(33, 1, 1, 1, '2026-06-26', '09:30', '19:00', 'ドコモショップ新宿西口店', '販売スタッフ', 18000, 1200, 'confirmed', 2, NULL),
(34, 1, 3, 1, '2026-06-26', '09:30', '19:00', 'ドコモショップ新宿西口店', '販売スタッフ', 18000, 1200, 'confirmed', 2, NULL),
(35, 1, 4, 1, '2026-06-26', '09:30', '19:00', 'ドコモショップ新宿西口店', '販売スタッフ', 18000, 1200, 'confirmed', 2, NULL),
(36, 1, 5, 1, '2026-06-26', '09:30', '19:00', 'ドコモショップ新宿西口店', '販売スタッフ', 18000, 1200, 'confirmed', 2, NULL),
(37, 1, 6, 2, '2026-06-26', '09:30', '19:00', 'ヤマダ電機 池袋総本店', '販売スタッフ', 16000, 1200, 'confirmed', 2, NULL),
(38, 1, 7, 2, '2026-06-26', '09:30', '19:00', 'ヤマダ電機 池袋総本店', '販売スタッフ', 16000, 1200, 'confirmed', 2, NULL),
(39, 1, 9, 2, '2026-06-26', '09:30', '19:00', 'ヤマダ電機 池袋総本店', '販売スタッフ', 16000, 1200, 'confirmed', 2, NULL),
(40, 1, 14, 4, '2026-06-26', '09:30', '19:00', '首都圏各所(週替わり)', '販売スタッフ', 17000, 1200, 'confirmed', 2, NULL),
(41, 1, 15, 4, '2026-06-26', '09:30', '19:00', '首都圏各所(週替わり)', '販売スタッフ', 17000, 1200, 'confirmed', 2, NULL),
(42, 1, 16, 4, '2026-06-26', '09:30', '19:00', '首都圏各所(週替わり)', '販売スタッフ', 17000, 1200, 'confirmed', 2, NULL),
(43, 1, 17, 4, '2026-06-26', '09:30', '19:00', '首都圏各所(週替わり)', '販売スタッフ', 17000, 1200, 'confirmed', 2, NULL),
(44, 1, 2, 1, '2026-06-27', '09:30', '19:00', 'ドコモショップ新宿西口店', '販売スタッフ', 18000, 1200, 'confirmed', 2, NULL),
(45, 1, 3, 1, '2026-06-27', '09:30', '19:00', 'ドコモショップ新宿西口店', '販売スタッフ', 18000, 1200, 'confirmed', 2, NULL),
(46, 1, 4, 1, '2026-06-27', '09:30', '19:00', 'ドコモショップ新宿西口店', '販売スタッフ', 18000, 1200, 'confirmed', 2, NULL),
(47, 1, 5, 1, '2026-06-27', '09:30', '19:00', 'ドコモショップ新宿西口店', '販売スタッフ', 18000, 1200, 'confirmed', 2, NULL),
(48, 1, 6, 2, '2026-06-27', '09:30', '19:00', 'ヤマダ電機 池袋総本店', '販売スタッフ', 16000, 1200, 'confirmed', 2, NULL),
(49, 1, 8, 2, '2026-06-27', '09:30', '19:00', 'ヤマダ電機 池袋総本店', '販売スタッフ', 16000, 1200, 'confirmed', 2, NULL),
(50, 1, 9, 2, '2026-06-27', '09:30', '19:00', 'ヤマダ電機 池袋総本店', '販売スタッフ', 16000, 1200, 'confirmed', 2, NULL),
(51, 1, 10, 3, '2026-06-27', '09:30', '19:00', 'イオンモール幕張新都心 催事場', '販売スタッフ', 20000, 1200, 'confirmed', 2, NULL),
(52, 1, 11, 3, '2026-06-27', '09:30', '19:00', 'イオンモール幕張新都心 催事場', '販売スタッフ', 20000, 1200, 'confirmed', 2, NULL),
(53, 1, 12, 3, '2026-06-27', '09:30', '19:00', 'イオンモール幕張新都心 催事場', '販売スタッフ', 20000, 1200, 'confirmed', 2, NULL),
(54, 1, 14, 4, '2026-06-27', '09:30', '19:00', '首都圏各所(週替わり)', '販売スタッフ', 17000, 1200, 'confirmed', 2, NULL),
(55, 1, 15, 4, '2026-06-27', '09:30', '19:00', '首都圏各所(週替わり)', '販売スタッフ', 17000, 1200, 'confirmed', 2, NULL),
(56, 1, 16, 4, '2026-06-27', '09:30', '19:00', '首都圏各所(週替わり)', '販売スタッフ', 17000, 1200, 'confirmed', 2, NULL),
(57, 1, 17, 4, '2026-06-27', '09:30', '19:00', '首都圏各所(週替わり)', '販売スタッフ', 17000, 1200, 'confirmed', 2, NULL),
(58, 1, 19, 5, '2026-06-27', '09:30', '19:00', 'ビックカメラ有楽町店', '販売スタッフ', 15000, 1200, 'confirmed', 2, NULL),
(59, 1, 20, 5, '2026-06-27', '09:30', '19:00', 'ビックカメラ有楽町店', '販売スタッフ', 15000, 1200, 'confirmed', 2, NULL),
(60, 1, 10, 3, '2026-06-28', '09:30', '19:00', 'イオンモール幕張新都心 催事場', '販売スタッフ', 20000, 1200, 'confirmed', 2, NULL),
(61, 1, 11, 3, '2026-06-28', '09:30', '19:00', 'イオンモール幕張新都心 催事場', '販売スタッフ', 20000, 1200, 'confirmed', 2, NULL),
(62, 1, 13, 3, '2026-06-28', '09:30', '19:00', 'イオンモール幕張新都心 催事場', '販売スタッフ', 20000, 1200, 'confirmed', 2, NULL),
(63, 1, 18, 5, '2026-06-28', '09:30', '19:00', 'ビックカメラ有楽町店', '販売スタッフ', 15000, 1200, 'confirmed', 2, NULL),
(64, 1, 19, 5, '2026-06-28', '09:30', '19:00', 'ビックカメラ有楽町店', '販売スタッフ', 15000, 1200, 'confirmed', 2, NULL),
(65, 1, 20, 5, '2026-06-28', '09:30', '19:00', 'ビックカメラ有楽町店', '販売スタッフ', 15000, 1200, 'confirmed', 2, NULL),
(66, 1, 1, 1, '2026-06-29', '09:30', '19:00', 'ドコモショップ新宿西口店', '販売スタッフ', 18000, 1200, 'confirmed', 2, NULL),
(67, 1, 2, 1, '2026-06-29', '09:30', '19:00', 'ドコモショップ新宿西口店', '販売スタッフ', 18000, 1200, 'confirmed', 2, NULL),
(68, 1, 3, 1, '2026-06-29', '09:30', '19:00', 'ドコモショップ新宿西口店', '販売スタッフ', 18000, 1200, 'confirmed', 2, NULL),
(69, 1, 4, 1, '2026-06-29', '09:30', '19:00', 'ドコモショップ新宿西口店', '販売スタッフ', 18000, 1200, 'confirmed', 2, NULL),
(70, 1, 5, 1, '2026-06-29', '09:30', '19:00', 'ドコモショップ新宿西口店', '販売スタッフ', 18000, 1200, 'confirmed', 2, NULL),
(71, 1, 6, 2, '2026-06-29', '09:30', '19:00', 'ヤマダ電機 池袋総本店', '販売スタッフ', 16000, 1200, 'confirmed', 2, NULL),
(72, 1, 7, 2, '2026-06-29', '09:30', '19:00', 'ヤマダ電機 池袋総本店', '販売スタッフ', 16000, 1200, 'confirmed', 2, NULL),
(73, 1, 8, 2, '2026-06-29', '09:30', '19:00', 'ヤマダ電機 池袋総本店', '販売スタッフ', 16000, 1200, 'confirmed', 2, NULL),
(74, 1, 9, 2, '2026-06-29', '09:30', '19:00', 'ヤマダ電機 池袋総本店', '販売スタッフ', 16000, 1200, 'confirmed', 2, NULL),
(75, 1, 14, 4, '2026-06-29', '09:30', '19:00', '首都圏各所(週替わり)', '販売スタッフ', 17000, 1200, 'confirmed', 2, NULL),
(76, 1, 15, 4, '2026-06-29', '09:30', '19:00', '首都圏各所(週替わり)', '販売スタッフ', 17000, 1200, 'confirmed', 2, NULL),
(77, 1, 16, 4, '2026-06-29', '09:30', '19:00', '首都圏各所(週替わり)', '販売スタッフ', 17000, 1200, 'confirmed', 2, NULL),
(78, 1, 1, 1, '2026-06-30', '09:30', '19:00', 'ドコモショップ新宿西口店', '販売スタッフ', 18000, 1200, 'confirmed', 2, NULL),
(79, 1, 2, 1, '2026-06-30', '09:30', '19:00', 'ドコモショップ新宿西口店', '販売スタッフ', 18000, 1200, 'confirmed', 2, NULL),
(80, 1, 3, 1, '2026-06-30', '09:30', '19:00', 'ドコモショップ新宿西口店', '販売スタッフ', 18000, 1200, 'confirmed', 2, NULL),
(81, 1, 4, 1, '2026-06-30', '09:30', '19:00', 'ドコモショップ新宿西口店', '販売スタッフ', 18000, 1200, 'confirmed', 2, NULL),
(82, 1, 6, 2, '2026-06-30', '09:30', '19:00', 'ヤマダ電機 池袋総本店', '販売スタッフ', 16000, 1200, 'confirmed', 2, NULL),
(83, 1, 7, 2, '2026-06-30', '09:30', '19:00', 'ヤマダ電機 池袋総本店', '販売スタッフ', 16000, 1200, 'confirmed', 2, NULL),
(84, 1, 8, 2, '2026-06-30', '09:30', '19:00', 'ヤマダ電機 池袋総本店', '販売スタッフ', 16000, 1200, 'confirmed', 2, NULL),
(85, 1, 9, 2, '2026-06-30', '09:30', '19:00', 'ヤマダ電機 池袋総本店', '販売スタッフ', 16000, 1200, 'confirmed', 2, NULL),
(86, 1, 14, 4, '2026-06-30', '09:30', '19:00', '首都圏各所(週替わり)', '販売スタッフ', 17000, 1200, 'confirmed', 2, NULL),
(87, 1, 15, 4, '2026-06-30', '09:30', '19:00', '首都圏各所(週替わり)', '販売スタッフ', 17000, 1200, 'confirmed', 2, NULL),
(88, 1, 17, 4, '2026-06-30', '09:30', '19:00', '首都圏各所(週替わり)', '販売スタッフ', 17000, 1200, 'confirmed', 2, NULL),
(89, 1, 1, 1, '2026-07-01', '09:30', '19:00', 'ドコモショップ新宿西口店', '販売スタッフ', 18000, 1200, 'confirmed', 2, NULL),
(90, 1, 2, 1, '2026-07-01', '09:30', '19:00', 'ドコモショップ新宿西口店', '販売スタッフ', 18000, 1200, 'confirmed', 2, NULL),
(91, 1, 3, 1, '2026-07-01', '09:30', '19:00', 'ドコモショップ新宿西口店', '販売スタッフ', 18000, 1200, 'confirmed', 2, NULL),
(92, 1, 5, 1, '2026-07-01', '09:30', '19:00', 'ドコモショップ新宿西口店', '販売スタッフ', 18000, 1200, 'confirmed', 2, NULL),
(93, 1, 6, 2, '2026-07-01', '09:30', '19:00', 'ヤマダ電機 池袋総本店', '販売スタッフ', 16000, 1200, 'confirmed', 2, NULL),
(94, 1, 7, 2, '2026-07-01', '09:30', '19:00', 'ヤマダ電機 池袋総本店', '販売スタッフ', 16000, 1200, 'confirmed', 2, NULL),
(95, 1, 8, 2, '2026-07-01', '09:30', '19:00', 'ヤマダ電機 池袋総本店', '販売スタッフ', 16000, 1200, 'confirmed', 2, NULL),
(96, 1, 9, 2, '2026-07-01', '09:30', '19:00', 'ヤマダ電機 池袋総本店', '販売スタッフ', 16000, 1200, 'confirmed', 2, NULL),
(97, 1, 14, 4, '2026-07-01', '09:30', '19:00', '首都圏各所(週替わり)', '販売スタッフ', 17000, 1200, 'confirmed', 2, NULL),
(98, 1, 16, 4, '2026-07-01', '09:30', '19:00', '首都圏各所(週替わり)', '販売スタッフ', 17000, 1200, 'confirmed', 2, NULL),
(99, 1, 17, 4, '2026-07-01', '09:30', '19:00', '首都圏各所(週替わり)', '販売スタッフ', 17000, 1200, 'confirmed', 2, NULL),
(100, 1, 1, 1, '2026-07-02', '09:30', '19:00', 'ドコモショップ新宿西口店', '販売スタッフ', 18000, 1200, 'confirmed', 2, NULL),
(101, 1, 2, 1, '2026-07-02', '09:30', '19:00', 'ドコモショップ新宿西口店', '販売スタッフ', 18000, 1200, 'confirmed', 2, NULL),
(102, 1, 4, 1, '2026-07-02', '09:30', '19:00', 'ドコモショップ新宿西口店', '販売スタッフ', 18000, 1200, 'confirmed', 2, NULL),
(103, 1, 5, 1, '2026-07-02', '09:30', '19:00', 'ドコモショップ新宿西口店', '販売スタッフ', 18000, 1200, 'confirmed', 2, NULL),
(104, 1, 6, 2, '2026-07-02', '09:30', '19:00', 'ヤマダ電機 池袋総本店', '販売スタッフ', 16000, 1200, 'confirmed', 2, NULL),
(105, 1, 7, 2, '2026-07-02', '09:30', '19:00', 'ヤマダ電機 池袋総本店', '販売スタッフ', 16000, 1200, 'confirmed', 2, NULL),
(106, 1, 8, 2, '2026-07-02', '09:30', '19:00', 'ヤマダ電機 池袋総本店', '販売スタッフ', 16000, 1200, 'confirmed', 2, NULL),
(107, 1, 15, 4, '2026-07-02', '09:30', '19:00', '首都圏各所(週替わり)', '販売スタッフ', 17000, 1200, 'confirmed', 2, NULL),
(108, 1, 16, 4, '2026-07-02', '09:30', '19:00', '首都圏各所(週替わり)', '販売スタッフ', 17000, 1200, 'confirmed', 2, NULL),
(109, 1, 17, 4, '2026-07-02', '09:30', '19:00', '首都圏各所(週替わり)', '販売スタッフ', 17000, 1200, 'confirmed', 2, NULL),
(110, 1, 1, 1, '2026-07-03', '09:30', '19:00', 'ドコモショップ新宿西口店', '販売スタッフ', 18000, 1200, 'confirmed', 2, NULL),
(111, 1, 3, 1, '2026-07-03', '09:30', '19:00', 'ドコモショップ新宿西口店', '販売スタッフ', 18000, 1200, 'confirmed', 2, NULL),
(112, 1, 4, 1, '2026-07-03', '09:30', '19:00', 'ドコモショップ新宿西口店', '販売スタッフ', 18000, 1200, 'confirmed', 2, NULL),
(113, 1, 5, 1, '2026-07-03', '09:30', '19:00', 'ドコモショップ新宿西口店', '販売スタッフ', 18000, 1200, 'confirmed', 2, NULL),
(114, 1, 6, 2, '2026-07-03', '09:30', '19:00', 'ヤマダ電機 池袋総本店', '販売スタッフ', 16000, 1200, 'confirmed', 2, NULL),
(115, 1, 7, 2, '2026-07-03', '09:30', '19:00', 'ヤマダ電機 池袋総本店', '販売スタッフ', 16000, 1200, 'confirmed', 2, NULL),
(116, 1, 9, 2, '2026-07-03', '09:30', '19:00', 'ヤマダ電機 池袋総本店', '販売スタッフ', 16000, 1200, 'confirmed', 2, NULL),
(117, 1, 14, 4, '2026-07-03', '09:30', '19:00', '首都圏各所(週替わり)', '販売スタッフ', 17000, 1200, 'confirmed', 2, NULL),
(118, 1, 15, 4, '2026-07-03', '09:30', '19:00', '首都圏各所(週替わり)', '販売スタッフ', 17000, 1200, 'confirmed', 2, NULL),
(119, 1, 16, 4, '2026-07-03', '09:30', '19:00', '首都圏各所(週替わり)', '販売スタッフ', 17000, 1200, 'confirmed', 2, NULL),
(120, 1, 17, 4, '2026-07-03', '09:30', '19:00', '首都圏各所(週替わり)', '販売スタッフ', 17000, 1200, 'confirmed', 2, NULL),
(121, 1, 2, 1, '2026-07-04', '09:30', '19:00', 'ドコモショップ新宿西口店', '販売スタッフ', 18000, 1200, 'confirmed', 2, NULL),
(122, 1, 3, 1, '2026-07-04', '09:30', '19:00', 'ドコモショップ新宿西口店', '販売スタッフ', 18000, 1200, 'confirmed', 2, NULL),
(123, 1, 4, 1, '2026-07-04', '09:30', '19:00', 'ドコモショップ新宿西口店', '販売スタッフ', 18000, 1200, 'confirmed', 2, NULL),
(124, 1, 5, 1, '2026-07-04', '09:30', '19:00', 'ドコモショップ新宿西口店', '販売スタッフ', 18000, 1200, 'confirmed', 2, NULL),
(125, 1, 6, 2, '2026-07-04', '09:30', '19:00', 'ヤマダ電機 池袋総本店', '販売スタッフ', 16000, 1200, 'confirmed', 2, NULL),
(126, 1, 8, 2, '2026-07-04', '09:30', '19:00', 'ヤマダ電機 池袋総本店', '販売スタッフ', 16000, 1200, 'confirmed', 2, NULL),
(127, 1, 9, 2, '2026-07-04', '09:30', '19:00', 'ヤマダ電機 池袋総本店', '販売スタッフ', 16000, 1200, 'confirmed', 2, NULL),
(128, 1, 10, 3, '2026-07-04', '09:30', '19:00', 'イオンモール幕張新都心 催事場', '販売スタッフ', 20000, 1200, 'confirmed', 2, NULL),
(129, 1, 11, 3, '2026-07-04', '09:30', '19:00', 'イオンモール幕張新都心 催事場', '販売スタッフ', 20000, 1200, 'confirmed', 2, NULL),
(130, 1, 12, 3, '2026-07-04', '09:30', '19:00', 'イオンモール幕張新都心 催事場', '販売スタッフ', 20000, 1200, 'confirmed', 2, NULL),
(131, 1, 14, 4, '2026-07-04', '09:30', '19:00', '首都圏各所(週替わり)', '販売スタッフ', 17000, 1200, 'confirmed', 2, NULL),
(132, 1, 15, 4, '2026-07-04', '09:30', '19:00', '首都圏各所(週替わり)', '販売スタッフ', 17000, 1200, 'confirmed', 2, NULL),
(133, 1, 16, 4, '2026-07-04', '09:30', '19:00', '首都圏各所(週替わり)', '販売スタッフ', 17000, 1200, 'absent', 2, NULL),
(134, 1, 17, 4, '2026-07-04', '09:30', '19:00', '首都圏各所(週替わり)', '販売スタッフ', 17000, 1200, 'confirmed', 2, NULL),
(135, 1, 19, 5, '2026-07-04', '09:30', '19:00', 'ビックカメラ有楽町店', '販売スタッフ', 15000, 1200, 'confirmed', 2, NULL),
(136, 1, 20, 5, '2026-07-04', '09:30', '19:00', 'ビックカメラ有楽町店', '販売スタッフ', 15000, 1200, 'confirmed', 2, NULL),
(137, 1, 10, 3, '2026-07-05', '09:30', '19:00', 'イオンモール幕張新都心 催事場', '販売スタッフ', 20000, 1200, 'confirmed', 2, NULL),
(138, 1, 11, 3, '2026-07-05', '09:30', '19:00', 'イオンモール幕張新都心 催事場', '販売スタッフ', 20000, 1200, 'confirmed', 2, NULL),
(139, 1, 13, 3, '2026-07-05', '09:30', '19:00', 'イオンモール幕張新都心 催事場', '販売スタッフ', 20000, 1200, 'confirmed', 2, NULL),
(140, 1, 18, 5, '2026-07-05', '09:30', '19:00', 'ビックカメラ有楽町店', '販売スタッフ', 15000, 1200, 'confirmed', 2, NULL),
(141, 1, 19, 5, '2026-07-05', '09:30', '19:00', 'ビックカメラ有楽町店', '販売スタッフ', 15000, 1200, 'confirmed', 2, NULL),
(142, 1, 20, 5, '2026-07-05', '09:30', '19:00', 'ビックカメラ有楽町店', '販売スタッフ', 15000, 1200, 'confirmed', 2, NULL),
(143, 1, 1, 1, '2026-07-06', '09:30', '19:00', 'ドコモショップ新宿西口店', '販売スタッフ', 18000, 1200, 'confirmed', 2, NULL),
(144, 1, 2, 1, '2026-07-06', '09:30', '19:00', 'ドコモショップ新宿西口店', '販売スタッフ', 18000, 1200, 'confirmed', 2, NULL),
(145, 1, 3, 1, '2026-07-06', '09:30', '19:00', 'ドコモショップ新宿西口店', '販売スタッフ', 18000, 1200, 'confirmed', 2, NULL),
(146, 1, 4, 1, '2026-07-06', '09:30', '19:00', 'ドコモショップ新宿西口店', '販売スタッフ', 18000, 1200, 'confirmed', 2, NULL),
(147, 1, 5, 1, '2026-07-06', '09:30', '19:00', 'ドコモショップ新宿西口店', '販売スタッフ', 18000, 1200, 'confirmed', 2, NULL),
(148, 1, 6, 2, '2026-07-06', '09:30', '19:00', 'ヤマダ電機 池袋総本店', '販売スタッフ', 16000, 1200, 'confirmed', 2, NULL),
(149, 1, 7, 2, '2026-07-06', '09:30', '19:00', 'ヤマダ電機 池袋総本店', '販売スタッフ', 16000, 1200, 'confirmed', 2, NULL),
(150, 1, 8, 2, '2026-07-06', '09:30', '19:00', 'ヤマダ電機 池袋総本店', '販売スタッフ', 16000, 1200, 'confirmed', 2, NULL),
(151, 1, 9, 2, '2026-07-06', '09:30', '19:00', 'ヤマダ電機 池袋総本店', '販売スタッフ', 16000, 1200, 'confirmed', 2, NULL),
(152, 1, 14, 4, '2026-07-06', '09:30', '19:00', '首都圏各所(週替わり)', '販売スタッフ', 17000, 1200, 'confirmed', 2, NULL),
(153, 1, 15, 4, '2026-07-06', '09:30', '19:00', '首都圏各所(週替わり)', '販売スタッフ', 17000, 1200, 'confirmed', 2, NULL),
(154, 1, 16, 4, '2026-07-06', '09:30', '19:00', '首都圏各所(週替わり)', '販売スタッフ', 17000, 1200, 'confirmed', 2, NULL),
(155, 1, 1, 1, '2026-07-07', '09:30', '19:00', 'ドコモショップ新宿西口店', '販売スタッフ', 18000, 1200, 'confirmed', 2, NULL),
(156, 1, 2, 1, '2026-07-07', '09:30', '19:00', 'ドコモショップ新宿西口店', '販売スタッフ', 18000, 1200, 'confirmed', 2, NULL),
(157, 1, 3, 1, '2026-07-07', '09:30', '19:00', 'ドコモショップ新宿西口店', '販売スタッフ', 18000, 1200, 'confirmed', 2, NULL),
(158, 1, 4, 1, '2026-07-07', '09:30', '19:00', 'ドコモショップ新宿西口店', '販売スタッフ', 18000, 1200, 'confirmed', 2, NULL),
(159, 1, 6, 2, '2026-07-07', '09:30', '19:00', 'ヤマダ電機 池袋総本店', '販売スタッフ', 16000, 1200, 'confirmed', 2, NULL),
(160, 1, 7, 2, '2026-07-07', '09:30', '19:00', 'ヤマダ電機 池袋総本店', '販売スタッフ', 16000, 1200, 'confirmed', 2, NULL),
(161, 1, 8, 2, '2026-07-07', '09:30', '19:00', 'ヤマダ電機 池袋総本店', '販売スタッフ', 16000, 1200, 'confirmed', 2, NULL),
(162, 1, 9, 2, '2026-07-07', '09:30', '19:00', 'ヤマダ電機 池袋総本店', '販売スタッフ', 16000, 1200, 'confirmed', 2, NULL),
(163, 1, 14, 4, '2026-07-07', '09:30', '19:00', '首都圏各所(週替わり)', '販売スタッフ', 17000, 1200, 'confirmed', 2, NULL),
(164, 1, 15, 4, '2026-07-07', '09:30', '19:00', '首都圏各所(週替わり)', '販売スタッフ', 17000, 1200, 'confirmed', 2, NULL),
(165, 1, 17, 4, '2026-07-07', '09:30', '19:00', '首都圏各所(週替わり)', '販売スタッフ', 17000, 1200, 'confirmed', 2, NULL),
(166, 1, 1, 1, '2026-07-08', '09:30', '19:00', 'ドコモショップ新宿西口店', '販売スタッフ', 18000, 1200, 'confirmed', 2, NULL),
(167, 1, 2, 1, '2026-07-08', '09:30', '19:00', 'ドコモショップ新宿西口店', '販売スタッフ', 18000, 1200, 'confirmed', 2, NULL),
(168, 1, 3, 1, '2026-07-08', '09:30', '19:00', 'ドコモショップ新宿西口店', '販売スタッフ', 18000, 1200, 'confirmed', 2, NULL),
(169, 1, 5, 1, '2026-07-08', '09:30', '19:00', 'ドコモショップ新宿西口店', '販売スタッフ', 18000, 1200, 'confirmed', 2, NULL),
(170, 1, 6, 2, '2026-07-08', '09:30', '19:00', 'ヤマダ電機 池袋総本店', '販売スタッフ', 16000, 1200, 'confirmed', 2, NULL),
(171, 1, 7, 2, '2026-07-08', '09:30', '19:00', 'ヤマダ電機 池袋総本店', '販売スタッフ', 16000, 1200, 'confirmed', 2, NULL),
(172, 1, 8, 2, '2026-07-08', '09:30', '19:00', 'ヤマダ電機 池袋総本店', '販売スタッフ', 16000, 1200, 'confirmed', 2, NULL),
(173, 1, 9, 2, '2026-07-08', '09:30', '19:00', 'ヤマダ電機 池袋総本店', '販売スタッフ', 16000, 1200, 'confirmed', 2, NULL),
(174, 1, 14, 4, '2026-07-08', '09:30', '19:00', '首都圏各所(週替わり)', '販売スタッフ', 17000, 1200, 'confirmed', 2, NULL),
(175, 1, 16, 4, '2026-07-08', '09:30', '19:00', '首都圏各所(週替わり)', '販売スタッフ', 17000, 1200, 'confirmed', 2, NULL),
(176, 1, 17, 4, '2026-07-08', '09:30', '19:00', '首都圏各所(週替わり)', '販売スタッフ', 17000, 1200, 'confirmed', 2, NULL),
(177, 1, 1, 1, '2026-07-09', '09:30', '19:00', 'ドコモショップ新宿西口店', '販売スタッフ', 18000, 1200, 'confirmed', 2, NULL),
(178, 1, 2, 1, '2026-07-09', '09:30', '19:00', 'ドコモショップ新宿西口店', '販売スタッフ', 18000, 1200, 'confirmed', 2, NULL),
(179, 1, 4, 1, '2026-07-09', '09:30', '19:00', 'ドコモショップ新宿西口店', '販売スタッフ', 18000, 1200, 'confirmed', 2, NULL),
(180, 1, 5, 1, '2026-07-09', '09:30', '19:00', 'ドコモショップ新宿西口店', '販売スタッフ', 18000, 1200, 'confirmed', 2, NULL),
(181, 1, 6, 2, '2026-07-09', '09:30', '19:00', 'ヤマダ電機 池袋総本店', '販売スタッフ', 16000, 1200, 'confirmed', 2, NULL),
(182, 1, 7, 2, '2026-07-09', '09:30', '19:00', 'ヤマダ電機 池袋総本店', '販売スタッフ', 16000, 1200, 'confirmed', 2, NULL),
(183, 1, 8, 2, '2026-07-09', '09:30', '19:00', 'ヤマダ電機 池袋総本店', '販売スタッフ', 16000, 1200, 'confirmed', 2, NULL),
(184, 1, 15, 4, '2026-07-09', '09:30', '19:00', '首都圏各所(週替わり)', '販売スタッフ', 17000, 1200, 'confirmed', 2, NULL),
(185, 1, 16, 4, '2026-07-09', '09:30', '19:00', '首都圏各所(週替わり)', '販売スタッフ', 17000, 1200, 'confirmed', 2, NULL),
(186, 1, 17, 4, '2026-07-09', '09:30', '19:00', '首都圏各所(週替わり)', '販売スタッフ', 17000, 1200, 'confirmed', 2, NULL),
(187, 1, 1, 1, '2026-07-10', '09:30', '19:00', 'ドコモショップ新宿西口店', '販売スタッフ', 18000, 1200, 'confirmed', 2, NULL),
(188, 1, 3, 1, '2026-07-10', '09:30', '19:00', 'ドコモショップ新宿西口店', '販売スタッフ', 18000, 1200, 'confirmed', 2, NULL),
(189, 1, 4, 1, '2026-07-10', '09:30', '19:00', 'ドコモショップ新宿西口店', '販売スタッフ', 18000, 1200, 'confirmed', 2, NULL),
(190, 1, 5, 1, '2026-07-10', '09:30', '19:00', 'ドコモショップ新宿西口店', '販売スタッフ', 18000, 1200, 'confirmed', 2, NULL),
(191, 1, 6, 2, '2026-07-10', '09:30', '19:00', 'ヤマダ電機 池袋総本店', '販売スタッフ', 16000, 1200, 'confirmed', 2, NULL),
(192, 1, 7, 2, '2026-07-10', '09:30', '19:00', 'ヤマダ電機 池袋総本店', '販売スタッフ', 16000, 1200, 'confirmed', 2, NULL),
(193, 1, 9, 2, '2026-07-10', '09:30', '19:00', 'ヤマダ電機 池袋総本店', '販売スタッフ', 16000, 1200, 'confirmed', 2, NULL),
(194, 1, 14, 4, '2026-07-10', '09:30', '19:00', '首都圏各所(週替わり)', '販売スタッフ', 17000, 1200, 'confirmed', 2, NULL),
(195, 1, 15, 4, '2026-07-10', '09:30', '19:00', '首都圏各所(週替わり)', '販売スタッフ', 17000, 1200, 'confirmed', 2, NULL),
(196, 1, 16, 4, '2026-07-10', '09:30', '19:00', '首都圏各所(週替わり)', '販売スタッフ', 17000, 1200, 'confirmed', 2, NULL),
(197, 1, 17, 4, '2026-07-10', '09:30', '19:00', '首都圏各所(週替わり)', '販売スタッフ', 17000, 1200, 'confirmed', 2, NULL),
(198, 1, 2, 1, '2026-07-11', '09:30', '19:00', 'ドコモショップ新宿西口店', '販売スタッフ', 18000, 1200, 'confirmed', 2, NULL),
(199, 1, 3, 1, '2026-07-11', '09:30', '19:00', 'ドコモショップ新宿西口店', '販売スタッフ', 18000, 1200, 'confirmed', 2, NULL),
(200, 1, 4, 1, '2026-07-11', '09:30', '19:00', 'ドコモショップ新宿西口店', '販売スタッフ', 18000, 1200, 'confirmed', 2, NULL),
(201, 1, 5, 1, '2026-07-11', '09:30', '19:00', 'ドコモショップ新宿西口店', '販売スタッフ', 18000, 1200, 'confirmed', 2, NULL),
(202, 1, 6, 2, '2026-07-11', '09:30', '19:00', 'ヤマダ電機 池袋総本店', '販売スタッフ', 16000, 1200, 'confirmed', 2, NULL),
(203, 1, 8, 2, '2026-07-11', '09:30', '19:00', 'ヤマダ電機 池袋総本店', '販売スタッフ', 16000, 1200, 'confirmed', 2, NULL),
(204, 1, 9, 2, '2026-07-11', '09:30', '19:00', 'ヤマダ電機 池袋総本店', '販売スタッフ', 16000, 1200, 'confirmed', 2, NULL),
(205, 1, 10, 3, '2026-07-11', '09:30', '19:00', 'イオンモール幕張新都心 催事場', '販売スタッフ', 20000, 1200, 'confirmed', 2, NULL),
(206, 1, 11, 3, '2026-07-11', '09:30', '19:00', 'イオンモール幕張新都心 催事場', '販売スタッフ', 20000, 1200, 'confirmed', 2, NULL),
(207, 1, 12, 3, '2026-07-11', '09:30', '19:00', 'イオンモール幕張新都心 催事場', '販売スタッフ', 20000, 1200, 'confirmed', 2, NULL),
(208, 1, 14, 4, '2026-07-11', '09:30', '19:00', '首都圏各所(週替わり)', '販売スタッフ', 17000, 1200, 'confirmed', 2, NULL),
(209, 1, 15, 4, '2026-07-11', '09:30', '19:00', '首都圏各所(週替わり)', '販売スタッフ', 17000, 1200, 'confirmed', 2, NULL),
(210, 1, 16, 4, '2026-07-11', '09:30', '19:00', '首都圏各所(週替わり)', '販売スタッフ', 17000, 1200, 'confirmed', 2, NULL),
(211, 1, 17, 4, '2026-07-11', '09:30', '19:00', '首都圏各所(週替わり)', '販売スタッフ', 17000, 1200, 'confirmed', 2, NULL),
(212, 1, 19, 5, '2026-07-11', '09:30', '19:00', 'ビックカメラ有楽町店', '販売スタッフ', 15000, 1200, 'confirmed', 2, NULL),
(213, 1, 20, 5, '2026-07-11', '09:30', '19:00', 'ビックカメラ有楽町店', '販売スタッフ', 15000, 1200, 'confirmed', 2, NULL),
(214, 1, 10, 3, '2026-07-12', '09:30', '19:00', 'イオンモール幕張新都心 催事場', '販売スタッフ', 20000, 1200, 'confirmed', 2, NULL),
(215, 1, 11, 3, '2026-07-12', '09:30', '19:00', 'イオンモール幕張新都心 催事場', '販売スタッフ', 20000, 1200, 'confirmed', 2, NULL),
(216, 1, 13, 3, '2026-07-12', '09:30', '19:00', 'イオンモール幕張新都心 催事場', '販売スタッフ', 20000, 1200, 'confirmed', 2, NULL),
(217, 1, 18, 5, '2026-07-12', '09:30', '19:00', 'ビックカメラ有楽町店', '販売スタッフ', 15000, 1200, 'confirmed', 2, NULL),
(218, 1, 19, 5, '2026-07-12', '09:30', '19:00', 'ビックカメラ有楽町店', '販売スタッフ', 15000, 1200, 'confirmed', 2, NULL),
(219, 1, 20, 5, '2026-07-12', '09:30', '19:00', 'ビックカメラ有楽町店', '販売スタッフ', 15000, 1200, 'confirmed', 2, NULL),
(220, 1, 1, 1, '2026-07-13', '09:30', '19:00', 'ドコモショップ新宿西口店', '販売スタッフ', 18000, 1200, 'confirmed', 2, NULL),
(221, 1, 2, 1, '2026-07-13', '09:30', '19:00', 'ドコモショップ新宿西口店', '販売スタッフ', 18000, 1200, 'confirmed', 2, NULL),
(222, 1, 3, 1, '2026-07-13', '09:30', '19:00', 'ドコモショップ新宿西口店', '販売スタッフ', 18000, 1200, 'confirmed', 2, NULL),
(223, 1, 4, 1, '2026-07-13', '09:30', '19:00', 'ドコモショップ新宿西口店', '販売スタッフ', 18000, 1200, 'confirmed', 2, NULL),
(224, 1, 5, 1, '2026-07-13', '09:30', '19:00', 'ドコモショップ新宿西口店', '販売スタッフ', 18000, 1200, 'confirmed', 2, NULL),
(225, 1, 6, 2, '2026-07-13', '09:30', '19:00', 'ヤマダ電機 池袋総本店', '販売スタッフ', 16000, 1200, 'confirmed', 2, NULL),
(226, 1, 7, 2, '2026-07-13', '09:30', '19:00', 'ヤマダ電機 池袋総本店', '販売スタッフ', 16000, 1200, 'confirmed', 2, NULL),
(227, 1, 8, 2, '2026-07-13', '09:30', '19:00', 'ヤマダ電機 池袋総本店', '販売スタッフ', 16000, 1200, 'confirmed', 2, NULL),
(228, 1, 9, 2, '2026-07-13', '09:30', '19:00', 'ヤマダ電機 池袋総本店', '販売スタッフ', 16000, 1200, 'confirmed', 2, NULL),
(229, 1, 14, 4, '2026-07-13', '09:30', '19:00', '首都圏各所(週替わり)', '販売スタッフ', 17000, 1200, 'confirmed', 2, NULL),
(230, 1, 15, 4, '2026-07-13', '09:30', '19:00', '首都圏各所(週替わり)', '販売スタッフ', 17000, 1200, 'confirmed', 2, NULL),
(231, 1, 16, 4, '2026-07-13', '09:30', '19:00', '首都圏各所(週替わり)', '販売スタッフ', 17000, 1200, 'confirmed', 2, NULL);

INSERT OR IGNORE INTO attendance_reports (attendance_id, company_id, staff_id, shift_id, report_type, reported_at, latitude, longitude, address, device_info, status) VALUES
(1, 1, 1, 1, 'wake_up', '2026-06-23 07:00:00', NULL, NULL, NULL, 'iPhone', 'normal'),
(2, 1, 1, 1, 'departure', '2026-06-23 08:20:00', NULL, NULL, NULL, 'iPhone', 'normal'),
(3, 1, 1, 1, 'check_in', '2026-06-23 09:12:00', 35.6896, 139.6983, 'ドコモショップ新宿西口店', 'iPhone', 'normal'),
(4, 1, 1, 1, 'check_out', '2026-06-23 19:05:00', NULL, NULL, NULL, 'iPhone', 'normal'),
(5, 1, 2, 2, 'wake_up', '2026-06-23 07:00:00', NULL, NULL, NULL, 'iPhone', 'normal'),
(6, 1, 2, 2, 'departure', '2026-06-23 08:20:00', NULL, NULL, NULL, 'iPhone', 'normal'),
(7, 1, 2, 2, 'check_in', '2026-06-23 09:12:00', 35.6896, 139.6983, 'ドコモショップ新宿西口店', 'iPhone', 'normal'),
(8, 1, 2, 2, 'check_out', '2026-06-23 19:05:00', NULL, NULL, NULL, 'iPhone', 'normal'),
(9, 1, 3, 3, 'wake_up', '2026-06-23 07:00:00', NULL, NULL, NULL, 'iPhone', 'normal'),
(10, 1, 3, 3, 'departure', '2026-06-23 08:20:00', NULL, NULL, NULL, 'iPhone', 'normal'),
(11, 1, 3, 3, 'check_in', '2026-06-23 09:12:00', 35.6896, 139.6983, 'ドコモショップ新宿西口店', 'iPhone', 'normal'),
(12, 1, 3, 3, 'check_out', '2026-06-23 19:05:00', NULL, NULL, NULL, 'iPhone', 'normal'),
(13, 1, 4, 4, 'wake_up', '2026-06-23 07:00:00', NULL, NULL, NULL, 'iPhone', 'normal'),
(14, 1, 4, 4, 'departure', '2026-06-23 08:20:00', NULL, NULL, NULL, 'iPhone', 'normal'),
(15, 1, 4, 4, 'check_in', '2026-06-23 09:12:00', 35.6896, 139.6983, 'ドコモショップ新宿西口店', 'iPhone', 'normal'),
(16, 1, 4, 4, 'check_out', '2026-06-23 19:05:00', NULL, NULL, NULL, 'iPhone', 'normal'),
(17, 1, 6, 5, 'wake_up', '2026-06-23 07:00:00', NULL, NULL, NULL, 'iPhone', 'normal'),
(18, 1, 6, 5, 'departure', '2026-06-23 08:20:00', NULL, NULL, NULL, 'iPhone', 'normal'),
(19, 1, 6, 5, 'check_in', '2026-06-23 09:12:00', 35.7295, 139.7109, 'ヤマダ電機 池袋総本店', 'iPhone', 'normal'),
(20, 1, 6, 5, 'check_out', '2026-06-23 19:05:00', NULL, NULL, NULL, 'iPhone', 'normal'),
(21, 1, 7, 6, 'wake_up', '2026-06-23 07:00:00', NULL, NULL, NULL, 'iPhone', 'normal'),
(22, 1, 7, 6, 'departure', '2026-06-23 08:20:00', NULL, NULL, NULL, 'iPhone', 'normal'),
(23, 1, 7, 6, 'check_in', '2026-06-23 09:12:00', 35.7295, 139.7109, 'ヤマダ電機 池袋総本店', 'iPhone', 'normal'),
(24, 1, 7, 6, 'check_out', '2026-06-23 19:05:00', NULL, NULL, NULL, 'iPhone', 'normal'),
(25, 1, 8, 7, 'wake_up', '2026-06-23 07:00:00', NULL, NULL, NULL, 'iPhone', 'normal'),
(26, 1, 8, 7, 'departure', '2026-06-23 08:20:00', NULL, NULL, NULL, 'iPhone', 'normal'),
(27, 1, 8, 7, 'check_in', '2026-06-23 09:12:00', 35.7295, 139.7109, 'ヤマダ電機 池袋総本店', 'iPhone', 'normal'),
(28, 1, 8, 7, 'check_out', '2026-06-23 19:05:00', NULL, NULL, NULL, 'iPhone', 'normal'),
(29, 1, 9, 8, 'wake_up', '2026-06-23 07:00:00', NULL, NULL, NULL, 'iPhone', 'normal'),
(30, 1, 9, 8, 'departure', '2026-06-23 08:20:00', NULL, NULL, NULL, 'iPhone', 'normal'),
(31, 1, 9, 8, 'check_in', '2026-06-23 09:12:00', 35.7295, 139.7109, 'ヤマダ電機 池袋総本店', 'iPhone', 'normal'),
(32, 1, 9, 8, 'check_out', '2026-06-23 19:05:00', NULL, NULL, NULL, 'iPhone', 'normal'),
(33, 1, 14, 9, 'wake_up', '2026-06-23 07:00:00', NULL, NULL, NULL, 'iPhone', 'normal'),
(34, 1, 14, 9, 'departure', '2026-06-23 08:20:00', NULL, NULL, NULL, 'iPhone', 'normal'),
(35, 1, 14, 9, 'check_in', '2026-06-23 09:12:00', 35.6812, 139.7671, '首都圏各所(週替わり)', 'iPhone', 'normal'),
(36, 1, 14, 9, 'check_out', '2026-06-23 19:05:00', NULL, NULL, NULL, 'iPhone', 'normal'),
(37, 1, 15, 10, 'wake_up', '2026-06-23 07:00:00', NULL, NULL, NULL, 'iPhone', 'normal'),
(38, 1, 15, 10, 'departure', '2026-06-23 08:20:00', NULL, NULL, NULL, 'iPhone', 'normal'),
(39, 1, 15, 10, 'check_in', '2026-06-23 09:12:00', 35.6812, 139.7671, '首都圏各所(週替わり)', 'iPhone', 'normal'),
(40, 1, 15, 10, 'check_out', '2026-06-23 19:05:00', NULL, NULL, NULL, 'iPhone', 'normal'),
(41, 1, 17, 11, 'wake_up', '2026-06-23 07:00:00', NULL, NULL, NULL, 'iPhone', 'normal'),
(42, 1, 17, 11, 'departure', '2026-06-23 08:20:00', NULL, NULL, NULL, 'iPhone', 'normal'),
(43, 1, 17, 11, 'check_in', '2026-06-23 09:12:00', 35.6812, 139.7671, '首都圏各所(週替わり)', 'iPhone', 'normal'),
(44, 1, 17, 11, 'check_out', '2026-06-23 19:05:00', NULL, NULL, NULL, 'iPhone', 'normal'),
(45, 1, 1, 12, 'wake_up', '2026-06-24 07:00:00', NULL, NULL, NULL, 'iPhone', 'normal'),
(46, 1, 1, 12, 'departure', '2026-06-24 08:20:00', NULL, NULL, NULL, 'iPhone', 'normal'),
(47, 1, 1, 12, 'check_in', '2026-06-24 09:12:00', 35.6896, 139.6983, 'ドコモショップ新宿西口店', 'iPhone', 'normal'),
(48, 1, 1, 12, 'check_out', '2026-06-24 19:05:00', NULL, NULL, NULL, 'iPhone', 'normal'),
(49, 1, 2, 13, 'wake_up', '2026-06-24 07:00:00', NULL, NULL, NULL, 'iPhone', 'normal'),
(50, 1, 2, 13, 'departure', '2026-06-24 08:20:00', NULL, NULL, NULL, 'iPhone', 'normal'),
(51, 1, 2, 13, 'check_in', '2026-06-24 09:12:00', 35.6896, 139.6983, 'ドコモショップ新宿西口店', 'iPhone', 'normal'),
(52, 1, 2, 13, 'check_out', '2026-06-24 19:05:00', NULL, NULL, NULL, 'iPhone', 'normal'),
(53, 1, 3, 14, 'wake_up', '2026-06-24 07:00:00', NULL, NULL, NULL, 'iPhone', 'normal'),
(54, 1, 3, 14, 'departure', '2026-06-24 08:20:00', NULL, NULL, NULL, 'iPhone', 'normal'),
(55, 1, 3, 14, 'check_in', '2026-06-24 09:12:00', 35.6896, 139.6983, 'ドコモショップ新宿西口店', 'iPhone', 'normal'),
(56, 1, 3, 14, 'check_out', '2026-06-24 19:05:00', NULL, NULL, NULL, 'iPhone', 'normal'),
(57, 1, 5, 15, 'wake_up', '2026-06-24 07:00:00', NULL, NULL, NULL, 'iPhone', 'normal'),
(58, 1, 5, 15, 'departure', '2026-06-24 08:20:00', NULL, NULL, NULL, 'iPhone', 'normal'),
(59, 1, 5, 15, 'check_in', '2026-06-24 09:12:00', 35.6896, 139.6983, 'ドコモショップ新宿西口店', 'iPhone', 'normal'),
(60, 1, 5, 15, 'check_out', '2026-06-24 19:05:00', NULL, NULL, NULL, 'iPhone', 'normal'),
(61, 1, 6, 16, 'wake_up', '2026-06-24 07:00:00', NULL, NULL, NULL, 'iPhone', 'normal'),
(62, 1, 6, 16, 'departure', '2026-06-24 08:20:00', NULL, NULL, NULL, 'iPhone', 'normal'),
(63, 1, 6, 16, 'check_in', '2026-06-24 09:12:00', 35.7295, 139.7109, 'ヤマダ電機 池袋総本店', 'iPhone', 'normal'),
(64, 1, 6, 16, 'check_out', '2026-06-24 19:05:00', NULL, NULL, NULL, 'iPhone', 'normal'),
(65, 1, 7, 17, 'wake_up', '2026-06-24 07:00:00', NULL, NULL, NULL, 'iPhone', 'normal'),
(66, 1, 7, 17, 'departure', '2026-06-24 08:20:00', NULL, NULL, NULL, 'iPhone', 'normal'),
(67, 1, 7, 17, 'check_in', '2026-06-24 09:12:00', 35.7295, 139.7109, 'ヤマダ電機 池袋総本店', 'iPhone', 'normal'),
(68, 1, 7, 17, 'check_out', '2026-06-24 19:05:00', NULL, NULL, NULL, 'iPhone', 'normal'),
(69, 1, 8, 18, 'wake_up', '2026-06-24 07:00:00', NULL, NULL, NULL, 'iPhone', 'normal'),
(70, 1, 8, 18, 'departure', '2026-06-24 08:20:00', NULL, NULL, NULL, 'iPhone', 'normal'),
(71, 1, 8, 18, 'check_in', '2026-06-24 09:12:00', 35.7295, 139.7109, 'ヤマダ電機 池袋総本店', 'iPhone', 'normal'),
(72, 1, 8, 18, 'check_out', '2026-06-24 19:05:00', NULL, NULL, NULL, 'iPhone', 'normal'),
(73, 1, 9, 19, 'wake_up', '2026-06-24 07:00:00', NULL, NULL, NULL, 'iPhone', 'normal'),
(74, 1, 9, 19, 'departure', '2026-06-24 08:20:00', NULL, NULL, NULL, 'iPhone', 'normal'),
(75, 1, 9, 19, 'check_in', '2026-06-24 09:12:00', 35.7295, 139.7109, 'ヤマダ電機 池袋総本店', 'iPhone', 'normal'),
(76, 1, 9, 19, 'check_out', '2026-06-24 19:05:00', NULL, NULL, NULL, 'iPhone', 'normal'),
(77, 1, 14, 20, 'wake_up', '2026-06-24 07:00:00', NULL, NULL, NULL, 'iPhone', 'normal'),
(78, 1, 14, 20, 'departure', '2026-06-24 08:20:00', NULL, NULL, NULL, 'iPhone', 'normal'),
(79, 1, 14, 20, 'check_in', '2026-06-24 09:12:00', 35.6812, 139.7671, '首都圏各所(週替わり)', 'iPhone', 'normal'),
(80, 1, 14, 20, 'check_out', '2026-06-24 19:05:00', NULL, NULL, NULL, 'iPhone', 'normal'),
(81, 1, 16, 21, 'wake_up', '2026-06-24 07:00:00', NULL, NULL, NULL, 'iPhone', 'normal'),
(82, 1, 16, 21, 'departure', '2026-06-24 08:20:00', NULL, NULL, NULL, 'iPhone', 'normal'),
(83, 1, 16, 21, 'check_in', '2026-06-24 09:12:00', 35.6812, 139.7671, '首都圏各所(週替わり)', 'iPhone', 'normal'),
(84, 1, 16, 21, 'check_out', '2026-06-24 19:05:00', NULL, NULL, NULL, 'iPhone', 'normal'),
(85, 1, 17, 22, 'wake_up', '2026-06-24 07:00:00', NULL, NULL, NULL, 'iPhone', 'normal'),
(86, 1, 17, 22, 'departure', '2026-06-24 08:20:00', NULL, NULL, NULL, 'iPhone', 'normal'),
(87, 1, 17, 22, 'check_in', '2026-06-24 09:12:00', 35.6812, 139.7671, '首都圏各所(週替わり)', 'iPhone', 'normal'),
(88, 1, 17, 22, 'check_out', '2026-06-24 19:05:00', NULL, NULL, NULL, 'iPhone', 'normal'),
(89, 1, 1, 23, 'wake_up', '2026-06-25 07:00:00', NULL, NULL, NULL, 'iPhone', 'normal'),
(90, 1, 1, 23, 'departure', '2026-06-25 08:20:00', NULL, NULL, NULL, 'iPhone', 'normal'),
(91, 1, 1, 23, 'check_in', '2026-06-25 09:12:00', 35.6896, 139.6983, 'ドコモショップ新宿西口店', 'iPhone', 'normal'),
(92, 1, 1, 23, 'check_out', '2026-06-25 19:05:00', NULL, NULL, NULL, 'iPhone', 'normal'),
(93, 1, 2, 24, 'wake_up', '2026-06-25 07:00:00', NULL, NULL, NULL, 'iPhone', 'normal'),
(94, 1, 2, 24, 'departure', '2026-06-25 08:20:00', NULL, NULL, NULL, 'iPhone', 'normal'),
(95, 1, 2, 24, 'check_in', '2026-06-25 09:12:00', 35.6896, 139.6983, 'ドコモショップ新宿西口店', 'iPhone', 'normal'),
(96, 1, 2, 24, 'check_out', '2026-06-25 19:05:00', NULL, NULL, NULL, 'iPhone', 'normal'),
(97, 1, 4, 25, 'wake_up', '2026-06-25 07:00:00', NULL, NULL, NULL, 'iPhone', 'normal'),
(98, 1, 4, 25, 'departure', '2026-06-25 08:20:00', NULL, NULL, NULL, 'iPhone', 'normal'),
(99, 1, 4, 25, 'check_in', '2026-06-25 09:12:00', 35.6896, 139.6983, 'ドコモショップ新宿西口店', 'iPhone', 'normal'),
(100, 1, 4, 25, 'check_out', '2026-06-25 19:05:00', NULL, NULL, NULL, 'iPhone', 'normal'),
(101, 1, 5, 26, 'wake_up', '2026-06-25 07:00:00', NULL, NULL, NULL, 'iPhone', 'normal'),
(102, 1, 5, 26, 'departure', '2026-06-25 08:20:00', NULL, NULL, NULL, 'iPhone', 'normal'),
(103, 1, 5, 26, 'check_in', '2026-06-25 09:12:00', 35.6896, 139.6983, 'ドコモショップ新宿西口店', 'iPhone', 'normal'),
(104, 1, 5, 26, 'check_out', '2026-06-25 19:05:00', NULL, NULL, NULL, 'iPhone', 'normal'),
(105, 1, 6, 27, 'wake_up', '2026-06-25 07:00:00', NULL, NULL, NULL, 'iPhone', 'normal'),
(106, 1, 6, 27, 'departure', '2026-06-25 08:20:00', NULL, NULL, NULL, 'iPhone', 'normal'),
(107, 1, 6, 27, 'check_in', '2026-06-25 09:12:00', 35.7295, 139.7109, 'ヤマダ電機 池袋総本店', 'iPhone', 'normal'),
(108, 1, 6, 27, 'check_out', '2026-06-25 19:05:00', NULL, NULL, NULL, 'iPhone', 'normal'),
(109, 1, 7, 28, 'wake_up', '2026-06-25 07:00:00', NULL, NULL, NULL, 'iPhone', 'normal'),
(110, 1, 7, 28, 'departure', '2026-06-25 08:20:00', NULL, NULL, NULL, 'iPhone', 'normal'),
(111, 1, 7, 28, 'check_in', '2026-06-25 09:12:00', 35.7295, 139.7109, 'ヤマダ電機 池袋総本店', 'iPhone', 'normal'),
(112, 1, 7, 28, 'check_out', '2026-06-25 19:05:00', NULL, NULL, NULL, 'iPhone', 'normal'),
(113, 1, 8, 29, 'wake_up', '2026-06-25 07:00:00', NULL, NULL, NULL, 'iPhone', 'normal'),
(114, 1, 8, 29, 'departure', '2026-06-25 08:20:00', NULL, NULL, NULL, 'iPhone', 'normal'),
(115, 1, 8, 29, 'check_in', '2026-06-25 09:12:00', 35.7295, 139.7109, 'ヤマダ電機 池袋総本店', 'iPhone', 'normal'),
(116, 1, 8, 29, 'check_out', '2026-06-25 19:05:00', NULL, NULL, NULL, 'iPhone', 'normal'),
(117, 1, 15, 30, 'wake_up', '2026-06-25 07:00:00', NULL, NULL, NULL, 'iPhone', 'normal'),
(118, 1, 15, 30, 'departure', '2026-06-25 08:20:00', NULL, NULL, NULL, 'iPhone', 'normal'),
(119, 1, 15, 30, 'check_in', '2026-06-25 09:12:00', 35.6812, 139.7671, '首都圏各所(週替わり)', 'iPhone', 'normal'),
(120, 1, 15, 30, 'check_out', '2026-06-25 19:05:00', NULL, NULL, NULL, 'iPhone', 'normal'),
(121, 1, 16, 31, 'wake_up', '2026-06-25 07:00:00', NULL, NULL, NULL, 'iPhone', 'normal'),
(122, 1, 16, 31, 'departure', '2026-06-25 08:20:00', NULL, NULL, NULL, 'iPhone', 'normal'),
(123, 1, 16, 31, 'check_in', '2026-06-25 09:12:00', 35.6812, 139.7671, '首都圏各所(週替わり)', 'iPhone', 'normal'),
(124, 1, 16, 31, 'check_out', '2026-06-25 19:05:00', NULL, NULL, NULL, 'iPhone', 'normal'),
(125, 1, 17, 32, 'wake_up', '2026-06-25 07:00:00', NULL, NULL, NULL, 'iPhone', 'normal'),
(126, 1, 17, 32, 'departure', '2026-06-25 08:20:00', NULL, NULL, NULL, 'iPhone', 'normal'),
(127, 1, 17, 32, 'check_in', '2026-06-25 09:12:00', 35.6812, 139.7671, '首都圏各所(週替わり)', 'iPhone', 'normal'),
(128, 1, 17, 32, 'check_out', '2026-06-25 19:05:00', NULL, NULL, NULL, 'iPhone', 'normal'),
(129, 1, 1, 33, 'wake_up', '2026-06-26 07:00:00', NULL, NULL, NULL, 'iPhone', 'normal'),
(130, 1, 1, 33, 'departure', '2026-06-26 08:20:00', NULL, NULL, NULL, 'iPhone', 'normal'),
(131, 1, 1, 33, 'check_in', '2026-06-26 09:12:00', 35.6896, 139.6983, 'ドコモショップ新宿西口店', 'iPhone', 'normal'),
(132, 1, 1, 33, 'check_out', '2026-06-26 19:05:00', NULL, NULL, NULL, 'iPhone', 'normal'),
(133, 1, 3, 34, 'wake_up', '2026-06-26 07:00:00', NULL, NULL, NULL, 'iPhone', 'normal'),
(134, 1, 3, 34, 'departure', '2026-06-26 08:20:00', NULL, NULL, NULL, 'iPhone', 'normal'),
(135, 1, 3, 34, 'check_in', '2026-06-26 09:12:00', 35.6896, 139.6983, 'ドコモショップ新宿西口店', 'iPhone', 'normal'),
(136, 1, 3, 34, 'check_out', '2026-06-26 19:05:00', NULL, NULL, NULL, 'iPhone', 'normal'),
(137, 1, 4, 35, 'wake_up', '2026-06-26 07:00:00', NULL, NULL, NULL, 'iPhone', 'normal'),
(138, 1, 4, 35, 'departure', '2026-06-26 08:20:00', NULL, NULL, NULL, 'iPhone', 'normal'),
(139, 1, 4, 35, 'check_in', '2026-06-26 09:12:00', 35.6896, 139.6983, 'ドコモショップ新宿西口店', 'iPhone', 'normal'),
(140, 1, 4, 35, 'check_out', '2026-06-26 19:05:00', NULL, NULL, NULL, 'iPhone', 'normal'),
(141, 1, 5, 36, 'wake_up', '2026-06-26 07:00:00', NULL, NULL, NULL, 'iPhone', 'normal'),
(142, 1, 5, 36, 'departure', '2026-06-26 08:20:00', NULL, NULL, NULL, 'iPhone', 'normal'),
(143, 1, 5, 36, 'check_in', '2026-06-26 09:12:00', 35.6896, 139.6983, 'ドコモショップ新宿西口店', 'iPhone', 'normal'),
(144, 1, 5, 36, 'check_out', '2026-06-26 19:05:00', NULL, NULL, NULL, 'iPhone', 'normal'),
(145, 1, 6, 37, 'wake_up', '2026-06-26 07:00:00', NULL, NULL, NULL, 'iPhone', 'normal'),
(146, 1, 6, 37, 'departure', '2026-06-26 08:20:00', NULL, NULL, NULL, 'iPhone', 'normal'),
(147, 1, 6, 37, 'check_in', '2026-06-26 09:12:00', 35.7295, 139.7109, 'ヤマダ電機 池袋総本店', 'iPhone', 'normal'),
(148, 1, 6, 37, 'check_out', '2026-06-26 19:05:00', NULL, NULL, NULL, 'iPhone', 'normal'),
(149, 1, 7, 38, 'wake_up', '2026-06-26 07:00:00', NULL, NULL, NULL, 'iPhone', 'normal'),
(150, 1, 7, 38, 'departure', '2026-06-26 08:20:00', NULL, NULL, NULL, 'iPhone', 'normal'),
(151, 1, 7, 38, 'check_in', '2026-06-26 09:12:00', 35.7295, 139.7109, 'ヤマダ電機 池袋総本店', 'iPhone', 'normal'),
(152, 1, 7, 38, 'check_out', '2026-06-26 19:05:00', NULL, NULL, NULL, 'iPhone', 'normal'),
(153, 1, 9, 39, 'wake_up', '2026-06-26 07:00:00', NULL, NULL, NULL, 'iPhone', 'normal'),
(154, 1, 9, 39, 'departure', '2026-06-26 08:20:00', NULL, NULL, NULL, 'iPhone', 'normal'),
(155, 1, 9, 39, 'check_in', '2026-06-26 09:12:00', 35.7295, 139.7109, 'ヤマダ電機 池袋総本店', 'iPhone', 'normal'),
(156, 1, 9, 39, 'check_out', '2026-06-26 19:05:00', NULL, NULL, NULL, 'iPhone', 'normal'),
(157, 1, 14, 40, 'wake_up', '2026-06-26 07:00:00', NULL, NULL, NULL, 'iPhone', 'normal'),
(158, 1, 14, 40, 'departure', '2026-06-26 08:20:00', NULL, NULL, NULL, 'iPhone', 'normal'),
(159, 1, 14, 40, 'check_in', '2026-06-26 09:12:00', 35.6812, 139.7671, '首都圏各所(週替わり)', 'iPhone', 'normal'),
(160, 1, 14, 40, 'check_out', '2026-06-26 19:05:00', NULL, NULL, NULL, 'iPhone', 'normal'),
(161, 1, 15, 41, 'wake_up', '2026-06-26 07:00:00', NULL, NULL, NULL, 'iPhone', 'normal'),
(162, 1, 15, 41, 'departure', '2026-06-26 08:20:00', NULL, NULL, NULL, 'iPhone', 'normal'),
(163, 1, 15, 41, 'check_in', '2026-06-26 09:12:00', 35.6812, 139.7671, '首都圏各所(週替わり)', 'iPhone', 'normal'),
(164, 1, 15, 41, 'check_out', '2026-06-26 19:05:00', NULL, NULL, NULL, 'iPhone', 'normal'),
(165, 1, 16, 42, 'wake_up', '2026-06-26 07:00:00', NULL, NULL, NULL, 'iPhone', 'normal'),
(166, 1, 16, 42, 'departure', '2026-06-26 08:20:00', NULL, NULL, NULL, 'iPhone', 'normal'),
(167, 1, 16, 42, 'check_in', '2026-06-26 09:12:00', 35.6812, 139.7671, '首都圏各所(週替わり)', 'iPhone', 'normal'),
(168, 1, 16, 42, 'check_out', '2026-06-26 19:05:00', NULL, NULL, NULL, 'iPhone', 'normal'),
(169, 1, 17, 43, 'wake_up', '2026-06-26 07:00:00', NULL, NULL, NULL, 'iPhone', 'normal'),
(170, 1, 17, 43, 'departure', '2026-06-26 08:20:00', NULL, NULL, NULL, 'iPhone', 'normal'),
(171, 1, 17, 43, 'check_in', '2026-06-26 09:12:00', 35.6812, 139.7671, '首都圏各所(週替わり)', 'iPhone', 'normal'),
(172, 1, 17, 43, 'check_out', '2026-06-26 19:05:00', NULL, NULL, NULL, 'iPhone', 'normal'),
(173, 1, 2, 44, 'wake_up', '2026-06-27 07:00:00', NULL, NULL, NULL, 'iPhone', 'normal'),
(174, 1, 2, 44, 'departure', '2026-06-27 08:20:00', NULL, NULL, NULL, 'iPhone', 'normal'),
(175, 1, 2, 44, 'check_in', '2026-06-27 09:12:00', 35.6896, 139.6983, 'ドコモショップ新宿西口店', 'iPhone', 'normal'),
(176, 1, 2, 44, 'check_out', '2026-06-27 19:05:00', NULL, NULL, NULL, 'iPhone', 'normal'),
(177, 1, 3, 45, 'wake_up', '2026-06-27 07:00:00', NULL, NULL, NULL, 'iPhone', 'normal'),
(178, 1, 3, 45, 'departure', '2026-06-27 08:20:00', NULL, NULL, NULL, 'iPhone', 'normal'),
(179, 1, 3, 45, 'check_in', '2026-06-27 09:12:00', 35.6896, 139.6983, 'ドコモショップ新宿西口店', 'iPhone', 'normal'),
(180, 1, 3, 45, 'check_out', '2026-06-27 19:05:00', NULL, NULL, NULL, 'iPhone', 'normal'),
(181, 1, 4, 46, 'wake_up', '2026-06-27 07:00:00', NULL, NULL, NULL, 'iPhone', 'normal'),
(182, 1, 4, 46, 'departure', '2026-06-27 08:20:00', NULL, NULL, NULL, 'iPhone', 'normal'),
(183, 1, 4, 46, 'check_in', '2026-06-27 09:12:00', 35.6896, 139.6983, 'ドコモショップ新宿西口店', 'iPhone', 'normal'),
(184, 1, 4, 46, 'check_out', '2026-06-27 19:05:00', NULL, NULL, NULL, 'iPhone', 'normal'),
(185, 1, 5, 47, 'wake_up', '2026-06-27 07:00:00', NULL, NULL, NULL, 'iPhone', 'normal'),
(186, 1, 5, 47, 'departure', '2026-06-27 08:20:00', NULL, NULL, NULL, 'iPhone', 'normal'),
(187, 1, 5, 47, 'check_in', '2026-06-27 09:12:00', 35.6896, 139.6983, 'ドコモショップ新宿西口店', 'iPhone', 'normal'),
(188, 1, 5, 47, 'check_out', '2026-06-27 19:05:00', NULL, NULL, NULL, 'iPhone', 'normal'),
(189, 1, 6, 48, 'wake_up', '2026-06-27 07:00:00', NULL, NULL, NULL, 'iPhone', 'normal'),
(190, 1, 6, 48, 'departure', '2026-06-27 08:20:00', NULL, NULL, NULL, 'iPhone', 'normal'),
(191, 1, 6, 48, 'check_in', '2026-06-27 09:12:00', 35.7295, 139.7109, 'ヤマダ電機 池袋総本店', 'iPhone', 'normal'),
(192, 1, 6, 48, 'check_out', '2026-06-27 19:05:00', NULL, NULL, NULL, 'iPhone', 'normal'),
(193, 1, 8, 49, 'wake_up', '2026-06-27 07:00:00', NULL, NULL, NULL, 'iPhone', 'normal'),
(194, 1, 8, 49, 'departure', '2026-06-27 08:20:00', NULL, NULL, NULL, 'iPhone', 'normal'),
(195, 1, 8, 49, 'check_in', '2026-06-27 09:12:00', 35.7295, 139.7109, 'ヤマダ電機 池袋総本店', 'iPhone', 'normal'),
(196, 1, 8, 49, 'check_out', '2026-06-27 19:05:00', NULL, NULL, NULL, 'iPhone', 'normal'),
(197, 1, 9, 50, 'wake_up', '2026-06-27 07:00:00', NULL, NULL, NULL, 'iPhone', 'normal'),
(198, 1, 9, 50, 'departure', '2026-06-27 08:20:00', NULL, NULL, NULL, 'iPhone', 'normal'),
(199, 1, 9, 50, 'check_in', '2026-06-27 09:12:00', 35.7295, 139.7109, 'ヤマダ電機 池袋総本店', 'iPhone', 'normal'),
(200, 1, 9, 50, 'check_out', '2026-06-27 19:05:00', NULL, NULL, NULL, 'iPhone', 'normal'),
(201, 1, 10, 51, 'wake_up', '2026-06-27 07:00:00', NULL, NULL, NULL, 'iPhone', 'normal'),
(202, 1, 10, 51, 'departure', '2026-06-27 08:20:00', NULL, NULL, NULL, 'iPhone', 'normal'),
(203, 1, 10, 51, 'check_in', '2026-06-27 09:12:00', 35.6479, 140.0341, 'イオンモール幕張新都心 催事場', 'iPhone', 'normal'),
(204, 1, 10, 51, 'check_out', '2026-06-27 19:05:00', NULL, NULL, NULL, 'iPhone', 'normal'),
(205, 1, 11, 52, 'wake_up', '2026-06-27 07:00:00', NULL, NULL, NULL, 'iPhone', 'normal'),
(206, 1, 11, 52, 'departure', '2026-06-27 08:20:00', NULL, NULL, NULL, 'iPhone', 'normal'),
(207, 1, 11, 52, 'check_in', '2026-06-27 09:12:00', 35.6479, 140.0341, 'イオンモール幕張新都心 催事場', 'iPhone', 'normal'),
(208, 1, 11, 52, 'check_out', '2026-06-27 19:05:00', NULL, NULL, NULL, 'iPhone', 'normal'),
(209, 1, 12, 53, 'wake_up', '2026-06-27 07:00:00', NULL, NULL, NULL, 'iPhone', 'normal'),
(210, 1, 12, 53, 'departure', '2026-06-27 08:20:00', NULL, NULL, NULL, 'iPhone', 'normal'),
(211, 1, 12, 53, 'check_in', '2026-06-27 09:12:00', 35.6479, 140.0341, 'イオンモール幕張新都心 催事場', 'iPhone', 'normal'),
(212, 1, 12, 53, 'check_out', '2026-06-27 19:05:00', NULL, NULL, NULL, 'iPhone', 'normal'),
(213, 1, 14, 54, 'wake_up', '2026-06-27 07:00:00', NULL, NULL, NULL, 'iPhone', 'normal'),
(214, 1, 14, 54, 'departure', '2026-06-27 08:20:00', NULL, NULL, NULL, 'iPhone', 'normal'),
(215, 1, 14, 54, 'check_in', '2026-06-27 09:12:00', 35.6812, 139.7671, '首都圏各所(週替わり)', 'iPhone', 'normal'),
(216, 1, 14, 54, 'check_out', '2026-06-27 19:05:00', NULL, NULL, NULL, 'iPhone', 'normal'),
(217, 1, 15, 55, 'wake_up', '2026-06-27 07:00:00', NULL, NULL, NULL, 'iPhone', 'normal'),
(218, 1, 15, 55, 'departure', '2026-06-27 08:20:00', NULL, NULL, NULL, 'iPhone', 'normal'),
(219, 1, 15, 55, 'check_in', '2026-06-27 09:12:00', 35.6812, 139.7671, '首都圏各所(週替わり)', 'iPhone', 'normal'),
(220, 1, 15, 55, 'check_out', '2026-06-27 19:05:00', NULL, NULL, NULL, 'iPhone', 'normal'),
(221, 1, 16, 56, 'wake_up', '2026-06-27 07:00:00', NULL, NULL, NULL, 'iPhone', 'normal'),
(222, 1, 16, 56, 'departure', '2026-06-27 08:20:00', NULL, NULL, NULL, 'iPhone', 'normal'),
(223, 1, 16, 56, 'check_in', '2026-06-27 09:12:00', 35.6812, 139.7671, '首都圏各所(週替わり)', 'iPhone', 'normal'),
(224, 1, 16, 56, 'check_out', '2026-06-27 19:05:00', NULL, NULL, NULL, 'iPhone', 'normal'),
(225, 1, 17, 57, 'wake_up', '2026-06-27 07:00:00', NULL, NULL, NULL, 'iPhone', 'normal'),
(226, 1, 17, 57, 'departure', '2026-06-27 08:20:00', NULL, NULL, NULL, 'iPhone', 'normal'),
(227, 1, 17, 57, 'check_in', '2026-06-27 09:12:00', 35.6812, 139.7671, '首都圏各所(週替わり)', 'iPhone', 'normal'),
(228, 1, 17, 57, 'check_out', '2026-06-27 19:05:00', NULL, NULL, NULL, 'iPhone', 'normal'),
(229, 1, 19, 58, 'wake_up', '2026-06-27 07:00:00', NULL, NULL, NULL, 'iPhone', 'normal'),
(230, 1, 19, 58, 'departure', '2026-06-27 08:20:00', NULL, NULL, NULL, 'iPhone', 'normal'),
(231, 1, 19, 58, 'check_in', '2026-06-27 09:12:00', 35.6746, 139.7632, 'ビックカメラ有楽町店', 'iPhone', 'normal'),
(232, 1, 19, 58, 'check_out', '2026-06-27 19:05:00', NULL, NULL, NULL, 'iPhone', 'normal'),
(233, 1, 20, 59, 'wake_up', '2026-06-27 07:00:00', NULL, NULL, NULL, 'iPhone', 'normal'),
(234, 1, 20, 59, 'departure', '2026-06-27 08:20:00', NULL, NULL, NULL, 'iPhone', 'normal'),
(235, 1, 20, 59, 'check_in', '2026-06-27 09:12:00', 35.6746, 139.7632, 'ビックカメラ有楽町店', 'iPhone', 'normal'),
(236, 1, 20, 59, 'check_out', '2026-06-27 19:05:00', NULL, NULL, NULL, 'iPhone', 'normal'),
(237, 1, 10, 60, 'wake_up', '2026-06-28 07:00:00', NULL, NULL, NULL, 'iPhone', 'normal'),
(238, 1, 10, 60, 'departure', '2026-06-28 08:20:00', NULL, NULL, NULL, 'iPhone', 'normal'),
(239, 1, 10, 60, 'check_in', '2026-06-28 09:12:00', 35.6479, 140.0341, 'イオンモール幕張新都心 催事場', 'iPhone', 'normal'),
(240, 1, 10, 60, 'check_out', '2026-06-28 19:05:00', NULL, NULL, NULL, 'iPhone', 'normal'),
(241, 1, 11, 61, 'wake_up', '2026-06-28 07:00:00', NULL, NULL, NULL, 'iPhone', 'normal'),
(242, 1, 11, 61, 'departure', '2026-06-28 08:20:00', NULL, NULL, NULL, 'iPhone', 'normal'),
(243, 1, 11, 61, 'check_in', '2026-06-28 09:12:00', 35.6479, 140.0341, 'イオンモール幕張新都心 催事場', 'iPhone', 'normal'),
(244, 1, 11, 61, 'check_out', '2026-06-28 19:05:00', NULL, NULL, NULL, 'iPhone', 'normal'),
(245, 1, 13, 62, 'wake_up', '2026-06-28 07:00:00', NULL, NULL, NULL, 'iPhone', 'normal'),
(246, 1, 13, 62, 'departure', '2026-06-28 08:20:00', NULL, NULL, NULL, 'iPhone', 'normal'),
(247, 1, 13, 62, 'check_in', '2026-06-28 09:12:00', 35.6479, 140.0341, 'イオンモール幕張新都心 催事場', 'iPhone', 'normal'),
(248, 1, 13, 62, 'check_out', '2026-06-28 19:05:00', NULL, NULL, NULL, 'iPhone', 'normal'),
(249, 1, 18, 63, 'wake_up', '2026-06-28 07:00:00', NULL, NULL, NULL, 'iPhone', 'normal'),
(250, 1, 18, 63, 'departure', '2026-06-28 08:20:00', NULL, NULL, NULL, 'iPhone', 'normal'),
(251, 1, 18, 63, 'check_in', '2026-06-28 09:12:00', 35.6746, 139.7632, 'ビックカメラ有楽町店', 'iPhone', 'normal'),
(252, 1, 18, 63, 'check_out', '2026-06-28 19:05:00', NULL, NULL, NULL, 'iPhone', 'normal'),
(253, 1, 19, 64, 'wake_up', '2026-06-28 07:00:00', NULL, NULL, NULL, 'iPhone', 'normal'),
(254, 1, 19, 64, 'departure', '2026-06-28 08:20:00', NULL, NULL, NULL, 'iPhone', 'normal'),
(255, 1, 19, 64, 'check_in', '2026-06-28 09:12:00', 35.6746, 139.7632, 'ビックカメラ有楽町店', 'iPhone', 'normal'),
(256, 1, 19, 64, 'check_out', '2026-06-28 19:05:00', NULL, NULL, NULL, 'iPhone', 'normal'),
(257, 1, 20, 65, 'wake_up', '2026-06-28 07:00:00', NULL, NULL, NULL, 'iPhone', 'normal'),
(258, 1, 20, 65, 'departure', '2026-06-28 08:20:00', NULL, NULL, NULL, 'iPhone', 'normal'),
(259, 1, 20, 65, 'check_in', '2026-06-28 09:12:00', 35.6746, 139.7632, 'ビックカメラ有楽町店', 'iPhone', 'normal'),
(260, 1, 20, 65, 'check_out', '2026-06-28 19:05:00', NULL, NULL, NULL, 'iPhone', 'normal'),
(261, 1, 1, 66, 'wake_up', '2026-06-29 07:00:00', NULL, NULL, NULL, 'iPhone', 'normal'),
(262, 1, 1, 66, 'departure', '2026-06-29 08:20:00', NULL, NULL, NULL, 'iPhone', 'normal'),
(263, 1, 1, 66, 'check_in', '2026-06-29 09:12:00', 35.6896, 139.6983, 'ドコモショップ新宿西口店', 'iPhone', 'normal'),
(264, 1, 1, 66, 'check_out', '2026-06-29 19:05:00', NULL, NULL, NULL, 'iPhone', 'normal'),
(265, 1, 2, 67, 'wake_up', '2026-06-29 07:00:00', NULL, NULL, NULL, 'iPhone', 'normal'),
(266, 1, 2, 67, 'departure', '2026-06-29 08:20:00', NULL, NULL, NULL, 'iPhone', 'normal'),
(267, 1, 2, 67, 'check_in', '2026-06-29 09:12:00', 35.6896, 139.6983, 'ドコモショップ新宿西口店', 'iPhone', 'normal'),
(268, 1, 2, 67, 'check_out', '2026-06-29 19:05:00', NULL, NULL, NULL, 'iPhone', 'normal'),
(269, 1, 3, 68, 'wake_up', '2026-06-29 07:00:00', NULL, NULL, NULL, 'iPhone', 'normal'),
(270, 1, 3, 68, 'departure', '2026-06-29 08:20:00', NULL, NULL, NULL, 'iPhone', 'normal'),
(271, 1, 3, 68, 'check_in', '2026-06-29 09:12:00', 35.6896, 139.6983, 'ドコモショップ新宿西口店', 'iPhone', 'normal'),
(272, 1, 3, 68, 'check_out', '2026-06-29 19:05:00', NULL, NULL, NULL, 'iPhone', 'normal'),
(273, 1, 4, 69, 'wake_up', '2026-06-29 07:00:00', NULL, NULL, NULL, 'iPhone', 'normal'),
(274, 1, 4, 69, 'departure', '2026-06-29 08:20:00', NULL, NULL, NULL, 'iPhone', 'normal'),
(275, 1, 4, 69, 'check_in', '2026-06-29 09:12:00', 35.6896, 139.6983, 'ドコモショップ新宿西口店', 'iPhone', 'normal'),
(276, 1, 4, 69, 'check_out', '2026-06-29 19:05:00', NULL, NULL, NULL, 'iPhone', 'normal'),
(277, 1, 5, 70, 'wake_up', '2026-06-29 07:00:00', NULL, NULL, NULL, 'iPhone', 'normal'),
(278, 1, 5, 70, 'departure', '2026-06-29 08:20:00', NULL, NULL, NULL, 'iPhone', 'normal'),
(279, 1, 5, 70, 'check_in', '2026-06-29 09:12:00', 35.6896, 139.6983, 'ドコモショップ新宿西口店', 'iPhone', 'normal'),
(280, 1, 5, 70, 'check_out', '2026-06-29 19:05:00', NULL, NULL, NULL, 'iPhone', 'normal'),
(281, 1, 6, 71, 'wake_up', '2026-06-29 07:00:00', NULL, NULL, NULL, 'iPhone', 'normal'),
(282, 1, 6, 71, 'departure', '2026-06-29 08:20:00', NULL, NULL, NULL, 'iPhone', 'normal'),
(283, 1, 6, 71, 'check_in', '2026-06-29 09:12:00', 35.7295, 139.7109, 'ヤマダ電機 池袋総本店', 'iPhone', 'normal'),
(284, 1, 6, 71, 'check_out', '2026-06-29 19:05:00', NULL, NULL, NULL, 'iPhone', 'normal'),
(285, 1, 7, 72, 'wake_up', '2026-06-29 07:00:00', NULL, NULL, NULL, 'iPhone', 'normal'),
(286, 1, 7, 72, 'departure', '2026-06-29 08:20:00', NULL, NULL, NULL, 'iPhone', 'normal'),
(287, 1, 7, 72, 'check_in', '2026-06-29 09:12:00', 35.7295, 139.7109, 'ヤマダ電機 池袋総本店', 'iPhone', 'normal'),
(288, 1, 7, 72, 'check_out', '2026-06-29 19:05:00', NULL, NULL, NULL, 'iPhone', 'normal'),
(289, 1, 8, 73, 'wake_up', '2026-06-29 07:00:00', NULL, NULL, NULL, 'iPhone', 'normal'),
(290, 1, 8, 73, 'departure', '2026-06-29 08:20:00', NULL, NULL, NULL, 'iPhone', 'normal'),
(291, 1, 8, 73, 'check_in', '2026-06-29 09:12:00', 35.7295, 139.7109, 'ヤマダ電機 池袋総本店', 'iPhone', 'normal'),
(292, 1, 8, 73, 'check_out', '2026-06-29 19:05:00', NULL, NULL, NULL, 'iPhone', 'normal'),
(293, 1, 9, 74, 'wake_up', '2026-06-29 07:00:00', NULL, NULL, NULL, 'iPhone', 'normal'),
(294, 1, 9, 74, 'departure', '2026-06-29 08:20:00', NULL, NULL, NULL, 'iPhone', 'normal'),
(295, 1, 9, 74, 'check_in', '2026-06-29 09:12:00', 35.7295, 139.7109, 'ヤマダ電機 池袋総本店', 'iPhone', 'normal'),
(296, 1, 9, 74, 'check_out', '2026-06-29 19:05:00', NULL, NULL, NULL, 'iPhone', 'normal'),
(297, 1, 14, 75, 'wake_up', '2026-06-29 07:00:00', NULL, NULL, NULL, 'iPhone', 'normal'),
(298, 1, 14, 75, 'departure', '2026-06-29 08:20:00', NULL, NULL, NULL, 'iPhone', 'normal'),
(299, 1, 14, 75, 'check_in', '2026-06-29 09:12:00', 35.6812, 139.7671, '首都圏各所(週替わり)', 'iPhone', 'normal'),
(300, 1, 14, 75, 'check_out', '2026-06-29 19:05:00', NULL, NULL, NULL, 'iPhone', 'normal'),
(301, 1, 15, 76, 'wake_up', '2026-06-29 07:00:00', NULL, NULL, NULL, 'iPhone', 'normal'),
(302, 1, 15, 76, 'departure', '2026-06-29 08:20:00', NULL, NULL, NULL, 'iPhone', 'normal'),
(303, 1, 15, 76, 'check_in', '2026-06-29 09:12:00', 35.6812, 139.7671, '首都圏各所(週替わり)', 'iPhone', 'normal'),
(304, 1, 15, 76, 'check_out', '2026-06-29 19:05:00', NULL, NULL, NULL, 'iPhone', 'normal'),
(305, 1, 16, 77, 'wake_up', '2026-06-29 07:00:00', NULL, NULL, NULL, 'iPhone', 'normal'),
(306, 1, 16, 77, 'departure', '2026-06-29 08:20:00', NULL, NULL, NULL, 'iPhone', 'normal'),
(307, 1, 16, 77, 'check_in', '2026-06-29 09:12:00', 35.6812, 139.7671, '首都圏各所(週替わり)', 'iPhone', 'normal'),
(308, 1, 16, 77, 'check_out', '2026-06-29 19:05:00', NULL, NULL, NULL, 'iPhone', 'normal'),
(309, 1, 1, 78, 'wake_up', '2026-06-30 07:00:00', NULL, NULL, NULL, 'iPhone', 'normal'),
(310, 1, 1, 78, 'departure', '2026-06-30 08:20:00', NULL, NULL, NULL, 'iPhone', 'normal'),
(311, 1, 1, 78, 'check_in', '2026-06-30 09:12:00', 35.6896, 139.6983, 'ドコモショップ新宿西口店', 'iPhone', 'normal'),
(312, 1, 1, 78, 'check_out', '2026-06-30 19:05:00', NULL, NULL, NULL, 'iPhone', 'normal'),
(313, 1, 2, 79, 'wake_up', '2026-06-30 07:00:00', NULL, NULL, NULL, 'iPhone', 'normal'),
(314, 1, 2, 79, 'departure', '2026-06-30 08:20:00', NULL, NULL, NULL, 'iPhone', 'normal'),
(315, 1, 2, 79, 'check_in', '2026-06-30 09:12:00', 35.6896, 139.6983, 'ドコモショップ新宿西口店', 'iPhone', 'normal'),
(316, 1, 2, 79, 'check_out', '2026-06-30 19:05:00', NULL, NULL, NULL, 'iPhone', 'normal'),
(317, 1, 3, 80, 'wake_up', '2026-06-30 07:00:00', NULL, NULL, NULL, 'iPhone', 'normal'),
(318, 1, 3, 80, 'departure', '2026-06-30 08:20:00', NULL, NULL, NULL, 'iPhone', 'normal'),
(319, 1, 3, 80, 'check_in', '2026-06-30 09:12:00', 35.6896, 139.6983, 'ドコモショップ新宿西口店', 'iPhone', 'normal'),
(320, 1, 3, 80, 'check_out', '2026-06-30 19:05:00', NULL, NULL, NULL, 'iPhone', 'normal'),
(321, 1, 4, 81, 'wake_up', '2026-06-30 07:00:00', NULL, NULL, NULL, 'iPhone', 'normal'),
(322, 1, 4, 81, 'departure', '2026-06-30 08:20:00', NULL, NULL, NULL, 'iPhone', 'normal'),
(323, 1, 4, 81, 'check_in', '2026-06-30 09:12:00', 35.6896, 139.6983, 'ドコモショップ新宿西口店', 'iPhone', 'normal'),
(324, 1, 4, 81, 'check_out', '2026-06-30 19:05:00', NULL, NULL, NULL, 'iPhone', 'normal'),
(325, 1, 6, 82, 'wake_up', '2026-06-30 07:00:00', NULL, NULL, NULL, 'iPhone', 'normal'),
(326, 1, 6, 82, 'departure', '2026-06-30 08:20:00', NULL, NULL, NULL, 'iPhone', 'normal'),
(327, 1, 6, 82, 'check_in', '2026-06-30 09:12:00', 35.7295, 139.7109, 'ヤマダ電機 池袋総本店', 'iPhone', 'normal'),
(328, 1, 6, 82, 'check_out', '2026-06-30 19:05:00', NULL, NULL, NULL, 'iPhone', 'normal'),
(329, 1, 7, 83, 'wake_up', '2026-06-30 07:00:00', NULL, NULL, NULL, 'iPhone', 'normal'),
(330, 1, 7, 83, 'departure', '2026-06-30 08:20:00', NULL, NULL, NULL, 'iPhone', 'normal'),
(331, 1, 7, 83, 'check_in', '2026-06-30 09:12:00', 35.7295, 139.7109, 'ヤマダ電機 池袋総本店', 'iPhone', 'normal'),
(332, 1, 7, 83, 'check_out', '2026-06-30 19:05:00', NULL, NULL, NULL, 'iPhone', 'normal'),
(333, 1, 8, 84, 'wake_up', '2026-06-30 07:00:00', NULL, NULL, NULL, 'iPhone', 'normal'),
(334, 1, 8, 84, 'departure', '2026-06-30 08:20:00', NULL, NULL, NULL, 'iPhone', 'normal'),
(335, 1, 8, 84, 'check_in', '2026-06-30 09:12:00', 35.7295, 139.7109, 'ヤマダ電機 池袋総本店', 'iPhone', 'normal'),
(336, 1, 8, 84, 'check_out', '2026-06-30 19:05:00', NULL, NULL, NULL, 'iPhone', 'normal'),
(337, 1, 9, 85, 'wake_up', '2026-06-30 07:00:00', NULL, NULL, NULL, 'iPhone', 'normal'),
(338, 1, 9, 85, 'departure', '2026-06-30 08:20:00', NULL, NULL, NULL, 'iPhone', 'normal'),
(339, 1, 9, 85, 'check_in', '2026-06-30 09:12:00', 35.7295, 139.7109, 'ヤマダ電機 池袋総本店', 'iPhone', 'normal'),
(340, 1, 9, 85, 'check_out', '2026-06-30 19:05:00', NULL, NULL, NULL, 'iPhone', 'normal'),
(341, 1, 14, 86, 'wake_up', '2026-06-30 07:00:00', NULL, NULL, NULL, 'iPhone', 'normal'),
(342, 1, 14, 86, 'departure', '2026-06-30 08:20:00', NULL, NULL, NULL, 'iPhone', 'normal'),
(343, 1, 14, 86, 'check_in', '2026-06-30 09:12:00', 35.6812, 139.7671, '首都圏各所(週替わり)', 'iPhone', 'normal'),
(344, 1, 14, 86, 'check_out', '2026-06-30 19:05:00', NULL, NULL, NULL, 'iPhone', 'normal'),
(345, 1, 15, 87, 'wake_up', '2026-06-30 07:00:00', NULL, NULL, NULL, 'iPhone', 'normal'),
(346, 1, 15, 87, 'departure', '2026-06-30 08:20:00', NULL, NULL, NULL, 'iPhone', 'normal'),
(347, 1, 15, 87, 'check_in', '2026-06-30 09:12:00', 35.6812, 139.7671, '首都圏各所(週替わり)', 'iPhone', 'normal'),
(348, 1, 15, 87, 'check_out', '2026-06-30 19:05:00', NULL, NULL, NULL, 'iPhone', 'normal'),
(349, 1, 17, 88, 'wake_up', '2026-06-30 07:00:00', NULL, NULL, NULL, 'iPhone', 'normal'),
(350, 1, 17, 88, 'departure', '2026-06-30 08:20:00', NULL, NULL, NULL, 'iPhone', 'normal'),
(351, 1, 17, 88, 'check_in', '2026-06-30 09:12:00', 35.6812, 139.7671, '首都圏各所(週替わり)', 'iPhone', 'normal'),
(352, 1, 17, 88, 'check_out', '2026-06-30 19:05:00', NULL, NULL, NULL, 'iPhone', 'normal'),
(353, 1, 1, 89, 'wake_up', '2026-07-01 07:00:00', NULL, NULL, NULL, 'iPhone', 'normal'),
(354, 1, 1, 89, 'departure', '2026-07-01 08:20:00', NULL, NULL, NULL, 'iPhone', 'normal'),
(355, 1, 1, 89, 'check_in', '2026-07-01 09:12:00', 35.6896, 139.6983, 'ドコモショップ新宿西口店', 'iPhone', 'normal'),
(356, 1, 1, 89, 'check_out', '2026-07-01 19:05:00', NULL, NULL, NULL, 'iPhone', 'normal'),
(357, 1, 2, 90, 'wake_up', '2026-07-01 07:00:00', NULL, NULL, NULL, 'iPhone', 'normal'),
(358, 1, 2, 90, 'departure', '2026-07-01 08:20:00', NULL, NULL, NULL, 'iPhone', 'normal'),
(359, 1, 2, 90, 'check_in', '2026-07-01 09:12:00', 35.6896, 139.6983, 'ドコモショップ新宿西口店', 'iPhone', 'normal'),
(360, 1, 2, 90, 'check_out', '2026-07-01 19:05:00', NULL, NULL, NULL, 'iPhone', 'normal'),
(361, 1, 3, 91, 'wake_up', '2026-07-01 07:00:00', NULL, NULL, NULL, 'iPhone', 'normal'),
(362, 1, 3, 91, 'departure', '2026-07-01 08:20:00', NULL, NULL, NULL, 'iPhone', 'normal'),
(363, 1, 3, 91, 'check_in', '2026-07-01 09:12:00', 35.6896, 139.6983, 'ドコモショップ新宿西口店', 'iPhone', 'normal'),
(364, 1, 3, 91, 'check_out', '2026-07-01 19:05:00', NULL, NULL, NULL, 'iPhone', 'normal'),
(365, 1, 5, 92, 'wake_up', '2026-07-01 07:00:00', NULL, NULL, NULL, 'iPhone', 'normal'),
(366, 1, 5, 92, 'departure', '2026-07-01 08:20:00', NULL, NULL, NULL, 'iPhone', 'normal'),
(367, 1, 5, 92, 'check_in', '2026-07-01 09:12:00', 35.6896, 139.6983, 'ドコモショップ新宿西口店', 'iPhone', 'normal'),
(368, 1, 5, 92, 'check_out', '2026-07-01 19:05:00', NULL, NULL, NULL, 'iPhone', 'normal'),
(369, 1, 6, 93, 'wake_up', '2026-07-01 07:00:00', NULL, NULL, NULL, 'iPhone', 'normal'),
(370, 1, 6, 93, 'departure', '2026-07-01 08:20:00', NULL, NULL, NULL, 'iPhone', 'normal'),
(371, 1, 6, 93, 'check_in', '2026-07-01 09:12:00', 35.7295, 139.7109, 'ヤマダ電機 池袋総本店', 'iPhone', 'normal'),
(372, 1, 6, 93, 'check_out', '2026-07-01 19:05:00', NULL, NULL, NULL, 'iPhone', 'normal'),
(373, 1, 7, 94, 'wake_up', '2026-07-01 07:00:00', NULL, NULL, NULL, 'iPhone', 'normal'),
(374, 1, 7, 94, 'departure', '2026-07-01 08:20:00', NULL, NULL, NULL, 'iPhone', 'normal'),
(375, 1, 7, 94, 'check_in', '2026-07-01 09:12:00', 35.7295, 139.7109, 'ヤマダ電機 池袋総本店', 'iPhone', 'normal'),
(376, 1, 7, 94, 'check_out', '2026-07-01 19:05:00', NULL, NULL, NULL, 'iPhone', 'normal'),
(377, 1, 8, 95, 'wake_up', '2026-07-01 07:00:00', NULL, NULL, NULL, 'iPhone', 'normal'),
(378, 1, 8, 95, 'departure', '2026-07-01 08:20:00', NULL, NULL, NULL, 'iPhone', 'normal'),
(379, 1, 8, 95, 'check_in', '2026-07-01 09:12:00', 35.7295, 139.7109, 'ヤマダ電機 池袋総本店', 'iPhone', 'normal'),
(380, 1, 8, 95, 'check_out', '2026-07-01 19:05:00', NULL, NULL, NULL, 'iPhone', 'normal'),
(381, 1, 9, 96, 'wake_up', '2026-07-01 07:00:00', NULL, NULL, NULL, 'iPhone', 'normal'),
(382, 1, 9, 96, 'departure', '2026-07-01 08:20:00', NULL, NULL, NULL, 'iPhone', 'normal'),
(383, 1, 9, 96, 'check_in', '2026-07-01 09:12:00', 35.7295, 139.7109, 'ヤマダ電機 池袋総本店', 'iPhone', 'normal'),
(384, 1, 9, 96, 'check_out', '2026-07-01 19:05:00', NULL, NULL, NULL, 'iPhone', 'normal'),
(385, 1, 14, 97, 'wake_up', '2026-07-01 07:00:00', NULL, NULL, NULL, 'iPhone', 'normal'),
(386, 1, 14, 97, 'departure', '2026-07-01 08:20:00', NULL, NULL, NULL, 'iPhone', 'normal'),
(387, 1, 14, 97, 'check_in', '2026-07-01 09:12:00', 35.6812, 139.7671, '首都圏各所(週替わり)', 'iPhone', 'normal'),
(388, 1, 14, 97, 'check_out', '2026-07-01 19:05:00', NULL, NULL, NULL, 'iPhone', 'normal'),
(389, 1, 16, 98, 'wake_up', '2026-07-01 07:00:00', NULL, NULL, NULL, 'iPhone', 'normal'),
(390, 1, 16, 98, 'departure', '2026-07-01 08:20:00', NULL, NULL, NULL, 'iPhone', 'normal'),
(391, 1, 16, 98, 'check_in', '2026-07-01 09:12:00', 35.6812, 139.7671, '首都圏各所(週替わり)', 'iPhone', 'normal'),
(392, 1, 16, 98, 'check_out', '2026-07-01 19:05:00', NULL, NULL, NULL, 'iPhone', 'normal'),
(393, 1, 17, 99, 'wake_up', '2026-07-01 07:00:00', NULL, NULL, NULL, 'iPhone', 'normal'),
(394, 1, 17, 99, 'departure', '2026-07-01 08:20:00', NULL, NULL, NULL, 'iPhone', 'normal'),
(395, 1, 17, 99, 'check_in', '2026-07-01 09:12:00', 35.6812, 139.7671, '首都圏各所(週替わり)', 'iPhone', 'normal'),
(396, 1, 17, 99, 'check_out', '2026-07-01 19:05:00', NULL, NULL, NULL, 'iPhone', 'normal'),
(397, 1, 1, 100, 'wake_up', '2026-07-02 07:00:00', NULL, NULL, NULL, 'iPhone', 'normal'),
(398, 1, 1, 100, 'departure', '2026-07-02 08:20:00', NULL, NULL, NULL, 'iPhone', 'normal'),
(399, 1, 1, 100, 'check_in', '2026-07-02 09:12:00', 35.6896, 139.6983, 'ドコモショップ新宿西口店', 'iPhone', 'normal'),
(400, 1, 1, 100, 'check_out', '2026-07-02 19:05:00', NULL, NULL, NULL, 'iPhone', 'normal'),
(401, 1, 2, 101, 'wake_up', '2026-07-02 07:00:00', NULL, NULL, NULL, 'iPhone', 'normal'),
(402, 1, 2, 101, 'departure', '2026-07-02 08:20:00', NULL, NULL, NULL, 'iPhone', 'normal'),
(403, 1, 2, 101, 'check_in', '2026-07-02 09:12:00', 35.6896, 139.6983, 'ドコモショップ新宿西口店', 'iPhone', 'normal'),
(404, 1, 2, 101, 'check_out', '2026-07-02 19:05:00', NULL, NULL, NULL, 'iPhone', 'normal'),
(405, 1, 4, 102, 'wake_up', '2026-07-02 07:00:00', NULL, NULL, NULL, 'iPhone', 'normal'),
(406, 1, 4, 102, 'departure', '2026-07-02 08:20:00', NULL, NULL, NULL, 'iPhone', 'normal'),
(407, 1, 4, 102, 'check_in', '2026-07-02 09:12:00', 35.6896, 139.6983, 'ドコモショップ新宿西口店', 'iPhone', 'normal'),
(408, 1, 4, 102, 'check_out', '2026-07-02 19:05:00', NULL, NULL, NULL, 'iPhone', 'normal'),
(409, 1, 5, 103, 'wake_up', '2026-07-02 07:00:00', NULL, NULL, NULL, 'iPhone', 'normal'),
(410, 1, 5, 103, 'departure', '2026-07-02 08:20:00', NULL, NULL, NULL, 'iPhone', 'normal'),
(411, 1, 5, 103, 'check_in', '2026-07-02 09:12:00', 35.6896, 139.6983, 'ドコモショップ新宿西口店', 'iPhone', 'normal'),
(412, 1, 5, 103, 'check_out', '2026-07-02 19:05:00', NULL, NULL, NULL, 'iPhone', 'normal'),
(413, 1, 6, 104, 'wake_up', '2026-07-02 07:00:00', NULL, NULL, NULL, 'iPhone', 'normal'),
(414, 1, 6, 104, 'departure', '2026-07-02 08:20:00', NULL, NULL, NULL, 'iPhone', 'normal'),
(415, 1, 6, 104, 'check_in', '2026-07-02 09:12:00', 35.7295, 139.7109, 'ヤマダ電機 池袋総本店', 'iPhone', 'normal'),
(416, 1, 6, 104, 'check_out', '2026-07-02 19:05:00', NULL, NULL, NULL, 'iPhone', 'normal'),
(417, 1, 7, 105, 'wake_up', '2026-07-02 07:00:00', NULL, NULL, NULL, 'iPhone', 'normal'),
(418, 1, 7, 105, 'departure', '2026-07-02 08:20:00', NULL, NULL, NULL, 'iPhone', 'normal'),
(419, 1, 7, 105, 'check_in', '2026-07-02 09:12:00', 35.7295, 139.7109, 'ヤマダ電機 池袋総本店', 'iPhone', 'normal'),
(420, 1, 7, 105, 'check_out', '2026-07-02 19:05:00', NULL, NULL, NULL, 'iPhone', 'normal'),
(421, 1, 8, 106, 'wake_up', '2026-07-02 07:00:00', NULL, NULL, NULL, 'iPhone', 'normal'),
(422, 1, 8, 106, 'departure', '2026-07-02 08:20:00', NULL, NULL, NULL, 'iPhone', 'normal'),
(423, 1, 8, 106, 'check_in', '2026-07-02 09:12:00', 35.7295, 139.7109, 'ヤマダ電機 池袋総本店', 'iPhone', 'normal'),
(424, 1, 8, 106, 'check_out', '2026-07-02 19:05:00', NULL, NULL, NULL, 'iPhone', 'normal'),
(425, 1, 15, 107, 'wake_up', '2026-07-02 07:00:00', NULL, NULL, NULL, 'iPhone', 'normal'),
(426, 1, 15, 107, 'departure', '2026-07-02 08:20:00', NULL, NULL, NULL, 'iPhone', 'normal'),
(427, 1, 15, 107, 'check_in', '2026-07-02 09:12:00', 35.6812, 139.7671, '首都圏各所(週替わり)', 'iPhone', 'normal'),
(428, 1, 15, 107, 'check_out', '2026-07-02 19:05:00', NULL, NULL, NULL, 'iPhone', 'normal'),
(429, 1, 16, 108, 'wake_up', '2026-07-02 07:00:00', NULL, NULL, NULL, 'iPhone', 'normal'),
(430, 1, 16, 108, 'departure', '2026-07-02 08:20:00', NULL, NULL, NULL, 'iPhone', 'normal'),
(431, 1, 16, 108, 'check_in', '2026-07-02 09:12:00', 35.6812, 139.7671, '首都圏各所(週替わり)', 'iPhone', 'normal'),
(432, 1, 16, 108, 'check_out', '2026-07-02 19:05:00', NULL, NULL, NULL, 'iPhone', 'normal'),
(433, 1, 17, 109, 'wake_up', '2026-07-02 07:00:00', NULL, NULL, NULL, 'iPhone', 'normal'),
(434, 1, 17, 109, 'departure', '2026-07-02 08:20:00', NULL, NULL, NULL, 'iPhone', 'normal'),
(435, 1, 17, 109, 'check_in', '2026-07-02 09:12:00', 35.6812, 139.7671, '首都圏各所(週替わり)', 'iPhone', 'normal'),
(436, 1, 17, 109, 'check_out', '2026-07-02 19:05:00', NULL, NULL, NULL, 'iPhone', 'normal'),
(437, 1, 1, 110, 'wake_up', '2026-07-03 07:00:00', NULL, NULL, NULL, 'iPhone', 'normal'),
(438, 1, 1, 110, 'departure', '2026-07-03 08:20:00', NULL, NULL, NULL, 'iPhone', 'normal'),
(439, 1, 1, 110, 'check_in', '2026-07-03 09:12:00', 35.6896, 139.6983, 'ドコモショップ新宿西口店', 'iPhone', 'normal'),
(440, 1, 1, 110, 'check_out', '2026-07-03 19:05:00', NULL, NULL, NULL, 'iPhone', 'normal'),
(441, 1, 3, 111, 'wake_up', '2026-07-03 07:00:00', NULL, NULL, NULL, 'iPhone', 'normal'),
(442, 1, 3, 111, 'departure', '2026-07-03 08:20:00', NULL, NULL, NULL, 'iPhone', 'normal'),
(443, 1, 3, 111, 'check_in', '2026-07-03 09:12:00', 35.6896, 139.6983, 'ドコモショップ新宿西口店', 'iPhone', 'normal'),
(444, 1, 3, 111, 'check_out', '2026-07-03 19:05:00', NULL, NULL, NULL, 'iPhone', 'normal'),
(445, 1, 4, 112, 'wake_up', '2026-07-03 07:00:00', NULL, NULL, NULL, 'iPhone', 'normal'),
(446, 1, 4, 112, 'departure', '2026-07-03 08:20:00', NULL, NULL, NULL, 'iPhone', 'normal'),
(447, 1, 4, 112, 'check_in', '2026-07-03 09:12:00', 35.6896, 139.6983, 'ドコモショップ新宿西口店', 'iPhone', 'normal'),
(448, 1, 4, 112, 'check_out', '2026-07-03 19:05:00', NULL, NULL, NULL, 'iPhone', 'normal'),
(449, 1, 5, 113, 'wake_up', '2026-07-03 07:00:00', NULL, NULL, NULL, 'iPhone', 'normal'),
(450, 1, 5, 113, 'departure', '2026-07-03 08:20:00', NULL, NULL, NULL, 'iPhone', 'normal'),
(451, 1, 5, 113, 'check_in', '2026-07-03 09:12:00', 35.6896, 139.6983, 'ドコモショップ新宿西口店', 'iPhone', 'normal'),
(452, 1, 5, 113, 'check_out', '2026-07-03 19:05:00', NULL, NULL, NULL, 'iPhone', 'normal'),
(453, 1, 6, 114, 'wake_up', '2026-07-03 07:00:00', NULL, NULL, NULL, 'iPhone', 'normal'),
(454, 1, 6, 114, 'departure', '2026-07-03 08:20:00', NULL, NULL, NULL, 'iPhone', 'normal'),
(455, 1, 6, 114, 'check_in', '2026-07-03 09:12:00', 35.7295, 139.7109, 'ヤマダ電機 池袋総本店', 'iPhone', 'normal'),
(456, 1, 6, 114, 'check_out', '2026-07-03 19:05:00', NULL, NULL, NULL, 'iPhone', 'normal'),
(457, 1, 7, 115, 'wake_up', '2026-07-03 07:00:00', NULL, NULL, NULL, 'iPhone', 'normal'),
(458, 1, 7, 115, 'departure', '2026-07-03 08:20:00', NULL, NULL, NULL, 'iPhone', 'normal'),
(459, 1, 7, 115, 'check_in', '2026-07-03 09:12:00', 35.7295, 139.7109, 'ヤマダ電機 池袋総本店', 'iPhone', 'normal'),
(460, 1, 7, 115, 'check_out', '2026-07-03 19:05:00', NULL, NULL, NULL, 'iPhone', 'normal'),
(461, 1, 9, 116, 'wake_up', '2026-07-03 07:00:00', NULL, NULL, NULL, 'iPhone', 'normal'),
(462, 1, 9, 116, 'departure', '2026-07-03 08:20:00', NULL, NULL, NULL, 'iPhone', 'normal'),
(463, 1, 9, 116, 'check_in', '2026-07-03 09:12:00', 35.7295, 139.7109, 'ヤマダ電機 池袋総本店', 'iPhone', 'normal'),
(464, 1, 9, 116, 'check_out', '2026-07-03 19:05:00', NULL, NULL, NULL, 'iPhone', 'normal'),
(465, 1, 14, 117, 'wake_up', '2026-07-03 07:00:00', NULL, NULL, NULL, 'iPhone', 'normal'),
(466, 1, 14, 117, 'departure', '2026-07-03 08:20:00', NULL, NULL, NULL, 'iPhone', 'normal'),
(467, 1, 14, 117, 'check_in', '2026-07-03 09:12:00', 35.6812, 139.7671, '首都圏各所(週替わり)', 'iPhone', 'normal'),
(468, 1, 14, 117, 'check_out', '2026-07-03 19:05:00', NULL, NULL, NULL, 'iPhone', 'normal'),
(469, 1, 15, 118, 'wake_up', '2026-07-03 07:00:00', NULL, NULL, NULL, 'iPhone', 'normal'),
(470, 1, 15, 118, 'departure', '2026-07-03 08:20:00', NULL, NULL, NULL, 'iPhone', 'normal'),
(471, 1, 15, 118, 'check_in', '2026-07-03 09:12:00', 35.6812, 139.7671, '首都圏各所(週替わり)', 'iPhone', 'normal'),
(472, 1, 15, 118, 'check_out', '2026-07-03 19:05:00', NULL, NULL, NULL, 'iPhone', 'normal'),
(473, 1, 16, 119, 'wake_up', '2026-07-03 07:00:00', NULL, NULL, NULL, 'iPhone', 'normal'),
(474, 1, 16, 119, 'departure', '2026-07-03 08:20:00', NULL, NULL, NULL, 'iPhone', 'normal'),
(475, 1, 16, 119, 'check_in', '2026-07-03 09:12:00', 35.6812, 139.7671, '首都圏各所(週替わり)', 'iPhone', 'normal'),
(476, 1, 16, 119, 'check_out', '2026-07-03 19:05:00', NULL, NULL, NULL, 'iPhone', 'normal'),
(477, 1, 17, 120, 'wake_up', '2026-07-03 07:00:00', NULL, NULL, NULL, 'iPhone', 'normal'),
(478, 1, 17, 120, 'departure', '2026-07-03 08:20:00', NULL, NULL, NULL, 'iPhone', 'normal'),
(479, 1, 17, 120, 'check_in', '2026-07-03 09:12:00', 35.6812, 139.7671, '首都圏各所(週替わり)', 'iPhone', 'normal'),
(480, 1, 17, 120, 'check_out', '2026-07-03 19:05:00', NULL, NULL, NULL, 'iPhone', 'normal'),
(481, 1, 2, 121, 'wake_up', '2026-07-04 07:00:00', NULL, NULL, NULL, 'iPhone', 'normal'),
(482, 1, 2, 121, 'departure', '2026-07-04 08:20:00', NULL, NULL, NULL, 'iPhone', 'normal'),
(483, 1, 2, 121, 'check_in', '2026-07-04 09:12:00', 35.6896, 139.6983, 'ドコモショップ新宿西口店', 'iPhone', 'normal'),
(484, 1, 2, 121, 'check_out', '2026-07-04 19:05:00', NULL, NULL, NULL, 'iPhone', 'normal'),
(485, 1, 3, 122, 'wake_up', '2026-07-04 07:00:00', NULL, NULL, NULL, 'iPhone', 'normal'),
(486, 1, 3, 122, 'departure', '2026-07-04 08:20:00', NULL, NULL, NULL, 'iPhone', 'normal'),
(487, 1, 3, 122, 'check_in', '2026-07-04 09:12:00', 35.6896, 139.6983, 'ドコモショップ新宿西口店', 'iPhone', 'normal'),
(488, 1, 3, 122, 'check_out', '2026-07-04 19:05:00', NULL, NULL, NULL, 'iPhone', 'normal'),
(489, 1, 4, 123, 'wake_up', '2026-07-04 07:00:00', NULL, NULL, NULL, 'iPhone', 'normal'),
(490, 1, 4, 123, 'departure', '2026-07-04 08:20:00', NULL, NULL, NULL, 'iPhone', 'normal'),
(491, 1, 4, 123, 'check_in', '2026-07-04 09:12:00', 35.6896, 139.6983, 'ドコモショップ新宿西口店', 'iPhone', 'normal'),
(492, 1, 4, 123, 'check_out', '2026-07-04 19:05:00', NULL, NULL, NULL, 'iPhone', 'normal'),
(493, 1, 5, 124, 'wake_up', '2026-07-04 07:00:00', NULL, NULL, NULL, 'iPhone', 'normal'),
(494, 1, 5, 124, 'departure', '2026-07-04 08:20:00', NULL, NULL, NULL, 'iPhone', 'normal'),
(495, 1, 5, 124, 'check_in', '2026-07-04 09:12:00', 35.6896, 139.6983, 'ドコモショップ新宿西口店', 'iPhone', 'normal'),
(496, 1, 5, 124, 'check_out', '2026-07-04 19:05:00', NULL, NULL, NULL, 'iPhone', 'normal'),
(497, 1, 6, 125, 'wake_up', '2026-07-04 07:00:00', NULL, NULL, NULL, 'iPhone', 'normal'),
(498, 1, 6, 125, 'departure', '2026-07-04 08:20:00', NULL, NULL, NULL, 'iPhone', 'normal'),
(499, 1, 6, 125, 'check_in', '2026-07-04 09:12:00', 35.7295, 139.7109, 'ヤマダ電機 池袋総本店', 'iPhone', 'normal'),
(500, 1, 6, 125, 'check_out', '2026-07-04 19:05:00', NULL, NULL, NULL, 'iPhone', 'normal'),
(501, 1, 8, 126, 'wake_up', '2026-07-04 07:00:00', NULL, NULL, NULL, 'iPhone', 'normal'),
(502, 1, 8, 126, 'departure', '2026-07-04 08:20:00', NULL, NULL, NULL, 'iPhone', 'normal'),
(503, 1, 8, 126, 'check_in', '2026-07-04 09:12:00', 35.7295, 139.7109, 'ヤマダ電機 池袋総本店', 'iPhone', 'normal'),
(504, 1, 8, 126, 'check_out', '2026-07-04 19:05:00', NULL, NULL, NULL, 'iPhone', 'normal'),
(505, 1, 9, 127, 'wake_up', '2026-07-04 07:00:00', NULL, NULL, NULL, 'iPhone', 'normal'),
(506, 1, 9, 127, 'departure', '2026-07-04 08:20:00', NULL, NULL, NULL, 'iPhone', 'normal'),
(507, 1, 9, 127, 'check_in', '2026-07-04 09:12:00', 35.7295, 139.7109, 'ヤマダ電機 池袋総本店', 'iPhone', 'normal'),
(508, 1, 9, 127, 'check_out', '2026-07-04 19:05:00', NULL, NULL, NULL, 'iPhone', 'normal'),
(509, 1, 10, 128, 'wake_up', '2026-07-04 07:00:00', NULL, NULL, NULL, 'iPhone', 'normal'),
(510, 1, 10, 128, 'departure', '2026-07-04 08:20:00', NULL, NULL, NULL, 'iPhone', 'normal'),
(511, 1, 10, 128, 'check_in', '2026-07-04 09:12:00', 35.6479, 140.0341, 'イオンモール幕張新都心 催事場', 'iPhone', 'normal'),
(512, 1, 10, 128, 'check_out', '2026-07-04 19:05:00', NULL, NULL, NULL, 'iPhone', 'normal'),
(513, 1, 11, 129, 'wake_up', '2026-07-04 07:00:00', NULL, NULL, NULL, 'iPhone', 'normal'),
(514, 1, 11, 129, 'departure', '2026-07-04 08:20:00', NULL, NULL, NULL, 'iPhone', 'normal'),
(515, 1, 11, 129, 'check_in', '2026-07-04 09:12:00', 35.6479, 140.0341, 'イオンモール幕張新都心 催事場', 'iPhone', 'normal'),
(516, 1, 11, 129, 'check_out', '2026-07-04 19:05:00', NULL, NULL, NULL, 'iPhone', 'normal'),
(517, 1, 12, 130, 'wake_up', '2026-07-04 07:00:00', NULL, NULL, NULL, 'iPhone', 'normal'),
(518, 1, 12, 130, 'departure', '2026-07-04 08:20:00', NULL, NULL, NULL, 'iPhone', 'normal'),
(519, 1, 12, 130, 'check_in', '2026-07-04 09:12:00', 35.6479, 140.0341, 'イオンモール幕張新都心 催事場', 'iPhone', 'normal'),
(520, 1, 12, 130, 'check_out', '2026-07-04 19:05:00', NULL, NULL, NULL, 'iPhone', 'normal'),
(521, 1, 14, 131, 'wake_up', '2026-07-04 07:00:00', NULL, NULL, NULL, 'iPhone', 'normal'),
(522, 1, 14, 131, 'departure', '2026-07-04 08:20:00', NULL, NULL, NULL, 'iPhone', 'normal'),
(523, 1, 14, 131, 'check_in', '2026-07-04 09:12:00', 35.6812, 139.7671, '首都圏各所(週替わり)', 'iPhone', 'normal'),
(524, 1, 14, 131, 'check_out', '2026-07-04 19:05:00', NULL, NULL, NULL, 'iPhone', 'normal'),
(525, 1, 15, 132, 'wake_up', '2026-07-04 07:00:00', NULL, NULL, NULL, 'iPhone', 'normal'),
(526, 1, 15, 132, 'departure', '2026-07-04 08:20:00', NULL, NULL, NULL, 'iPhone', 'normal'),
(527, 1, 15, 132, 'check_in', '2026-07-04 09:12:00', 35.6812, 139.7671, '首都圏各所(週替わり)', 'iPhone', 'normal'),
(528, 1, 15, 132, 'check_out', '2026-07-04 19:05:00', NULL, NULL, NULL, 'iPhone', 'normal'),
(529, 1, 17, 134, 'wake_up', '2026-07-04 07:00:00', NULL, NULL, NULL, 'iPhone', 'normal'),
(530, 1, 17, 134, 'departure', '2026-07-04 08:20:00', NULL, NULL, NULL, 'iPhone', 'normal'),
(531, 1, 17, 134, 'check_in', '2026-07-04 09:12:00', 35.6812, 139.7671, '首都圏各所(週替わり)', 'iPhone', 'normal'),
(532, 1, 17, 134, 'check_out', '2026-07-04 19:05:00', NULL, NULL, NULL, 'iPhone', 'normal'),
(533, 1, 19, 135, 'wake_up', '2026-07-04 07:00:00', NULL, NULL, NULL, 'iPhone', 'normal'),
(534, 1, 19, 135, 'departure', '2026-07-04 08:20:00', NULL, NULL, NULL, 'iPhone', 'normal'),
(535, 1, 19, 135, 'check_in', '2026-07-04 09:12:00', 35.6746, 139.7632, 'ビックカメラ有楽町店', 'iPhone', 'normal'),
(536, 1, 19, 135, 'check_out', '2026-07-04 19:05:00', NULL, NULL, NULL, 'iPhone', 'normal'),
(537, 1, 20, 136, 'wake_up', '2026-07-04 07:00:00', NULL, NULL, NULL, 'iPhone', 'normal'),
(538, 1, 20, 136, 'departure', '2026-07-04 08:20:00', NULL, NULL, NULL, 'iPhone', 'normal'),
(539, 1, 20, 136, 'check_in', '2026-07-04 09:12:00', 35.6746, 139.7632, 'ビックカメラ有楽町店', 'iPhone', 'normal'),
(540, 1, 20, 136, 'check_out', '2026-07-04 19:05:00', NULL, NULL, NULL, 'iPhone', 'normal'),
(541, 1, 10, 137, 'wake_up', '2026-07-05 07:00:00', NULL, NULL, NULL, 'iPhone', 'normal'),
(542, 1, 10, 137, 'departure', '2026-07-05 08:20:00', NULL, NULL, NULL, 'iPhone', 'normal'),
(543, 1, 10, 137, 'check_in', '2026-07-05 09:12:00', 35.6479, 140.0341, 'イオンモール幕張新都心 催事場', 'iPhone', 'normal'),
(544, 1, 10, 137, 'check_out', '2026-07-05 19:05:00', NULL, NULL, NULL, 'iPhone', 'normal'),
(545, 1, 11, 138, 'wake_up', '2026-07-05 07:00:00', NULL, NULL, NULL, 'iPhone', 'normal'),
(546, 1, 11, 138, 'departure', '2026-07-05 08:20:00', NULL, NULL, NULL, 'iPhone', 'normal'),
(547, 1, 11, 138, 'check_in', '2026-07-05 09:12:00', 35.6479, 140.0341, 'イオンモール幕張新都心 催事場', 'iPhone', 'normal'),
(548, 1, 11, 138, 'check_out', '2026-07-05 19:05:00', NULL, NULL, NULL, 'iPhone', 'normal'),
(549, 1, 13, 139, 'wake_up', '2026-07-05 07:00:00', NULL, NULL, NULL, 'iPhone', 'normal'),
(550, 1, 13, 139, 'departure', '2026-07-05 08:20:00', NULL, NULL, NULL, 'iPhone', 'normal'),
(551, 1, 13, 139, 'check_in', '2026-07-05 09:12:00', 35.6479, 140.0341, 'イオンモール幕張新都心 催事場', 'iPhone', 'normal'),
(552, 1, 13, 139, 'check_out', '2026-07-05 19:05:00', NULL, NULL, NULL, 'iPhone', 'normal'),
(553, 1, 18, 140, 'wake_up', '2026-07-05 07:00:00', NULL, NULL, NULL, 'iPhone', 'normal'),
(554, 1, 18, 140, 'departure', '2026-07-05 08:20:00', NULL, NULL, NULL, 'iPhone', 'normal'),
(555, 1, 18, 140, 'check_in', '2026-07-05 09:12:00', 35.6746, 139.7632, 'ビックカメラ有楽町店', 'iPhone', 'normal'),
(556, 1, 18, 140, 'check_out', '2026-07-05 19:05:00', NULL, NULL, NULL, 'iPhone', 'normal'),
(557, 1, 19, 141, 'wake_up', '2026-07-05 07:00:00', NULL, NULL, NULL, 'iPhone', 'normal'),
(558, 1, 19, 141, 'departure', '2026-07-05 08:20:00', NULL, NULL, NULL, 'iPhone', 'normal'),
(559, 1, 19, 141, 'check_in', '2026-07-05 09:12:00', 35.6746, 139.7632, 'ビックカメラ有楽町店', 'iPhone', 'normal'),
(560, 1, 19, 141, 'check_out', '2026-07-05 19:05:00', NULL, NULL, NULL, 'iPhone', 'normal'),
(561, 1, 20, 142, 'wake_up', '2026-07-05 07:00:00', NULL, NULL, NULL, 'iPhone', 'normal'),
(562, 1, 20, 142, 'departure', '2026-07-05 08:20:00', NULL, NULL, NULL, 'iPhone', 'normal'),
(563, 1, 20, 142, 'check_in', '2026-07-05 09:12:00', 35.6746, 139.7632, 'ビックカメラ有楽町店', 'iPhone', 'normal'),
(564, 1, 20, 142, 'check_out', '2026-07-05 19:05:00', NULL, NULL, NULL, 'iPhone', 'normal'),
(565, 1, 1, 143, 'wake_up', '2026-07-06 07:00:00', NULL, NULL, NULL, 'iPhone', 'normal'),
(566, 1, 1, 143, 'departure', '2026-07-06 08:20:00', NULL, NULL, NULL, 'iPhone', 'normal'),
(567, 1, 1, 143, 'check_in', '2026-07-06 09:12:00', 35.6897, 139.6984, 'ドコモショップ新宿西口店', 'iPhone', 'normal'),
(568, 1, 2, 144, 'wake_up', '2026-07-06 07:00:00', NULL, NULL, NULL, 'iPhone', 'normal'),
(569, 1, 2, 144, 'departure', '2026-07-06 08:20:00', NULL, NULL, NULL, 'iPhone', 'normal'),
(570, 1, 2, 144, 'check_in', '2026-07-06 09:12:00', 35.6898, 139.6985, 'ドコモショップ新宿西口店', 'iPhone', 'normal'),
(571, 1, 3, 145, 'wake_up', '2026-07-06 07:00:00', NULL, NULL, NULL, 'iPhone', 'normal'),
(572, 1, 3, 145, 'departure', '2026-07-06 08:20:00', NULL, NULL, NULL, 'iPhone', 'normal'),
(573, 1, 3, 145, 'check_in', '2026-07-06 09:12:00', 35.6899, 139.6986, 'ドコモショップ新宿西口店', 'iPhone', 'normal'),
(574, 1, 5, 147, 'wake_up', '2026-07-06 07:00:00', NULL, NULL, NULL, 'iPhone', 'normal'),
(575, 1, 5, 147, 'departure', '2026-07-06 08:20:00', NULL, NULL, NULL, 'iPhone', 'normal'),
(576, 1, 5, 147, 'check_in', '2026-07-06 09:12:00', 35.6901, 139.69879999999998, 'ドコモショップ新宿西口店', 'iPhone', 'normal'),
(577, 1, 6, 148, 'wake_up', '2026-07-06 07:00:00', NULL, NULL, NULL, 'iPhone', 'normal'),
(578, 1, 6, 148, 'departure', '2026-07-06 08:20:00', NULL, NULL, NULL, 'iPhone', 'normal'),
(579, 1, 6, 148, 'check_in', '2026-07-06 09:12:00', 35.7301, 139.7115, 'ヤマダ電機 池袋総本店', 'iPhone', 'normal'),
(580, 1, 7, 149, 'wake_up', '2026-07-06 07:00:00', NULL, NULL, NULL, 'iPhone', 'normal'),
(581, 1, 7, 149, 'departure', '2026-07-06 08:20:00', NULL, NULL, NULL, 'iPhone', 'normal'),
(582, 1, 7, 149, 'check_in', '2026-07-06 09:12:00', 35.7302, 139.7116, 'ヤマダ電機 池袋総本店', 'iPhone', 'normal'),
(583, 1, 8, 150, 'wake_up', '2026-07-06 07:00:00', NULL, NULL, NULL, 'iPhone', 'normal'),
(584, 1, 8, 150, 'departure', '2026-07-06 08:20:00', NULL, NULL, NULL, 'iPhone', 'normal'),
(585, 1, 8, 150, 'check_in', '2026-07-06 09:12:00', 35.7303, 139.7117, 'ヤマダ電機 池袋総本店', 'iPhone', 'normal'),
(586, 1, 9, 151, 'wake_up', '2026-07-06 07:00:00', NULL, NULL, NULL, 'iPhone', 'normal'),
(587, 1, 14, 152, 'wake_up', '2026-07-06 07:00:00', NULL, NULL, NULL, 'iPhone', 'normal'),
(588, 1, 14, 152, 'departure', '2026-07-06 08:20:00', NULL, NULL, NULL, 'iPhone', 'normal'),
(589, 1, 14, 152, 'check_in', '2026-07-06 09:12:00', 35.681599999999996, 139.7675, '首都圏各所(週替わり)', 'iPhone', 'normal'),
(590, 1, 15, 153, 'wake_up', '2026-07-06 07:00:00', NULL, NULL, NULL, 'iPhone', 'normal'),
(591, 1, 15, 153, 'departure', '2026-07-06 08:20:00', NULL, NULL, NULL, 'iPhone', 'normal'),
(592, 1, 15, 153, 'check_in', '2026-07-06 09:12:00', 35.6817, 139.7676, '首都圏各所(週替わり)', 'iPhone', 'normal'),
(593, 1, 16, 154, 'wake_up', '2026-07-06 07:00:00', NULL, NULL, NULL, 'iPhone', 'normal'),
(594, 1, 16, 154, 'departure', '2026-07-06 08:20:00', NULL, NULL, NULL, 'iPhone', 'normal');

INSERT OR IGNORE INTO daily_reports (daily_report_id, company_id, staff_id, project_id, shift_id, work_date, report_values, incident_flag, complaint_flag, manager_comment, manager_checked, submitted_at) VALUES
(1, 1, 1, 1, 1, '2026-06-23', '{"mnp":0,"pi":1,"shinki":1,"kishuhen":0,"hikari":0,"wifi":0,"denki":0,"card":0,"koekake":25,"shodan":6,"seiyaku":1,"store_share":"","other_result":"","free":"本日もありがとうございました。"}', 0, 0, NULL, 1, '2026-06-23 19:30:00'),
(2, 1, 2, 1, 2, '2026-06-23', '{"mnp":0,"pi":4,"shinki":1,"kishuhen":0,"hikari":1,"wifi":0,"denki":1,"card":1,"koekake":49,"shodan":12,"seiyaku":1,"store_share":"","other_result":"","free":"本日もありがとうございました。"}', 0, 0, NULL, 1, '2026-06-23 19:30:00'),
(3, 1, 3, 1, 3, '2026-06-23', '{"mnp":1,"pi":2,"shinki":2,"kishuhen":1,"hikari":1,"wifi":0,"denki":1,"card":1,"koekake":33,"shodan":8,"seiyaku":2,"good_case":"家族連れに学割+光セットで3回線成約","store_share":"","other_result":"","free":"本日もありがとうございました。"}', 0, 0, NULL, 1, '2026-06-23 19:30:00'),
(4, 1, 4, 1, 4, '2026-06-23', '{"mnp":1,"pi":1,"shinki":2,"kishuhen":1,"hikari":0,"wifi":0,"denki":0,"card":0,"koekake":57,"shodan":14,"seiyaku":2,"store_share":"","other_result":"","free":"本日もありがとうございました。"}', 0, 0, NULL, 1, '2026-06-23 19:30:00'),
(5, 1, 6, 2, 5, '2026-06-23', '{"mnp":1,"pi":0,"shinki":2,"kishuhen":0,"hikari":1,"wifi":0,"denki":1,"card":0,"koekake":33,"shodan":8,"seiyaku":2,"store_share":"","other_result":"","free":"本日もありがとうございました。"}', 0, 0, NULL, 1, '2026-06-23 19:30:00'),
(6, 1, 7, 2, 6, '2026-06-23', '{"mnp":1,"pi":0,"shinki":2,"kishuhen":0,"hikari":0,"wifi":0,"denki":0,"card":0,"koekake":57,"shodan":14,"seiyaku":2,"store_share":"","other_result":"","free":"本日もありがとうございました。"}', 0, 0, NULL, 1, '2026-06-23 19:30:00'),
(7, 1, 8, 2, 7, '2026-06-23', '{"mnp":2,"pi":0,"shinki":0,"kishuhen":0,"hikari":0,"wifi":0,"denki":0,"card":0,"koekake":41,"shodan":10,"seiyaku":3,"good_case":"家族連れに学割+光セットで3回線成約","store_share":"","other_result":"","free":"本日もありがとうございました。"}', 0, 0, NULL, 1, '2026-06-23 19:30:00'),
(8, 1, 9, 2, 8, '2026-06-23', '{"mnp":0,"pi":0,"shinki":1,"kishuhen":0,"hikari":0,"wifi":0,"denki":0,"card":0,"koekake":25,"shodan":6,"seiyaku":1,"store_share":"","other_result":"","free":"本日もありがとうございました。"}', 0, 0, NULL, 1, '2026-06-23 19:30:00'),
(9, 1, 14, 4, 9, '2026-06-23', '{"mnp":0,"pi":0,"shinki":0,"kishuhen":0,"hikari":3,"wifi":0,"denki":0,"card":0,"koekake":41,"shodan":10,"seiyaku":3,"good_case":"他社比較表を使った提案が刺さった","store_share":"","other_result":"","free":"本日もありがとうございました。"}', 0, 0, NULL, 1, '2026-06-23 19:30:00'),
(10, 1, 15, 4, 10, '2026-06-23', '{"mnp":0,"pi":0,"shinki":1,"kishuhen":0,"hikari":1,"wifi":0,"denki":0,"card":0,"koekake":25,"shodan":6,"seiyaku":1,"good_case":"高齢のお客様に丁寧な説明で機変+でんき獲得","store_share":"","other_result":"","free":"本日もありがとうございました。"}', 0, 0, NULL, 1, '2026-06-23 19:30:00'),
(11, 1, 17, 4, 11, '2026-06-23', '{"mnp":0,"pi":0,"shinki":2,"kishuhen":0,"hikari":2,"wifi":1,"denki":1,"card":0,"koekake":33,"shodan":8,"seiyaku":2,"good_case":"","store_share":"","other_result":"","free":"本日もありがとうございました。"}', 0, 0, NULL, 1, '2026-06-23 19:30:00'),
(12, 1, 1, 1, 12, '2026-06-24', '{"mnp":0,"pi":4,"shinki":1,"kishuhen":0,"hikari":1,"wifi":0,"denki":1,"card":1,"koekake":49,"shodan":12,"seiyaku":1,"store_share":"","other_result":"","free":"本日もありがとうございました。"}', 0, 0, NULL, 1, '2026-06-24 19:30:00'),
(13, 1, 2, 1, 13, '2026-06-24', '{"mnp":1,"pi":2,"shinki":2,"kishuhen":1,"hikari":1,"wifi":0,"denki":1,"card":1,"koekake":33,"shodan":8,"seiyaku":2,"good_case":"家族連れに学割+光セットで3回線成約","store_share":"","other_result":"","free":"本日もありがとうございました。"}', 0, 0, NULL, 1, '2026-06-24 19:30:00'),
(14, 1, 3, 1, 14, '2026-06-24', '{"mnp":1,"pi":1,"shinki":2,"kishuhen":1,"hikari":0,"wifi":0,"denki":0,"card":0,"koekake":57,"shodan":14,"seiyaku":2,"store_share":"","other_result":"","free":"本日もありがとうございました。"}', 0, 0, NULL, 1, '2026-06-24 19:30:00'),
(15, 1, 5, 1, 15, '2026-06-24', '{"mnp":0,"pi":1,"shinki":1,"kishuhen":0,"hikari":0,"wifi":0,"denki":0,"card":0,"koekake":25,"shodan":6,"seiyaku":1,"store_share":"","other_result":"","free":"本日もありがとうございました。"}', 0, 0, NULL, 1, '2026-06-24 19:30:00'),
(16, 1, 6, 2, 16, '2026-06-24', '{"mnp":1,"pi":0,"shinki":2,"kishuhen":0,"hikari":0,"wifi":0,"denki":0,"card":0,"koekake":57,"shodan":14,"seiyaku":2,"store_share":"","other_result":"","free":"本日もありがとうございました。"}', 0, 0, NULL, 1, '2026-06-24 19:30:00'),
(17, 1, 7, 2, 17, '2026-06-24', '{"mnp":2,"pi":0,"shinki":0,"kishuhen":0,"hikari":0,"wifi":0,"denki":0,"card":0,"koekake":41,"shodan":10,"seiyaku":3,"good_case":"家族連れに学割+光セットで3回線成約","store_share":"","other_result":"","free":"本日もありがとうございました。"}', 0, 0, NULL, 1, '2026-06-24 19:30:00'),
(18, 1, 8, 2, 18, '2026-06-24', '{"mnp":0,"pi":0,"shinki":1,"kishuhen":0,"hikari":0,"wifi":0,"denki":0,"card":0,"koekake":25,"shodan":6,"seiyaku":1,"store_share":"","other_result":"","free":"本日もありがとうございました。"}', 0, 0, NULL, 1, '2026-06-24 19:30:00'),
(19, 1, 9, 2, 19, '2026-06-24', '{"mnp":0,"pi":0,"shinki":1,"kishuhen":0,"hikari":1,"wifi":0,"denki":1,"card":0,"koekake":49,"shodan":12,"seiyaku":1,"store_share":"","other_result":"","free":"本日もありがとうございました。"}', 0, 0, NULL, 1, '2026-06-24 19:30:00'),
(20, 1, 14, 4, 20, '2026-06-24', '{"mnp":0,"pi":0,"shinki":1,"kishuhen":0,"hikari":1,"wifi":0,"denki":0,"card":0,"koekake":25,"shodan":6,"seiyaku":1,"good_case":"高齢のお客様に丁寧な説明で機変+でんき獲得","store_share":"","other_result":"","free":"本日もありがとうございました。"}', 0, 0, NULL, 1, '2026-06-24 19:30:00'),
(21, 1, 16, 4, 21, '2026-06-24', '{"mnp":0,"pi":0,"shinki":2,"kishuhen":0,"hikari":2,"wifi":1,"denki":1,"card":0,"koekake":33,"shodan":8,"seiyaku":2,"good_case":"","store_share":"","other_result":"","free":"本日もありがとうございました。"}', 0, 0, NULL, 1, '2026-06-24 19:30:00'),
(22, 1, 17, 4, 22, '2026-06-24', '{"mnp":0,"pi":0,"shinki":2,"kishuhen":0,"hikari":2,"wifi":0,"denki":0,"card":0,"koekake":57,"shodan":14,"seiyaku":2,"good_case":"家族連れに学割+光セットで3回線成約","store_share":"","other_result":"","free":"本日もありがとうございました。"}', 0, 0, NULL, 1, '2026-06-24 19:30:00'),
(23, 1, 1, 1, 23, '2026-06-25', '{"mnp":1,"pi":2,"shinki":2,"kishuhen":1,"hikari":1,"wifi":0,"denki":1,"card":1,"koekake":33,"shodan":8,"seiyaku":2,"good_case":"家族連れに学割+光セットで3回線成約","store_share":"","other_result":"","free":"本日もありがとうございました。"}', 0, 0, NULL, 1, '2026-06-25 19:30:00'),
(24, 1, 2, 1, 24, '2026-06-25', '{"mnp":1,"pi":1,"shinki":2,"kishuhen":1,"hikari":0,"wifi":0,"denki":0,"card":0,"koekake":57,"shodan":14,"seiyaku":2,"store_share":"","other_result":"","free":"本日もありがとうございました。"}', 0, 0, NULL, 1, '2026-06-25 19:30:00'),
(25, 1, 4, 1, 25, '2026-06-25', '{"mnp":0,"pi":1,"shinki":1,"kishuhen":0,"hikari":0,"wifi":0,"denki":0,"card":0,"koekake":25,"shodan":6,"seiyaku":1,"store_share":"","other_result":"","free":"本日もありがとうございました。"}', 0, 0, NULL, 1, '2026-06-25 19:30:00'),
(26, 1, 5, 1, 26, '2026-06-25', '{"mnp":0,"pi":4,"shinki":1,"kishuhen":0,"hikari":1,"wifi":0,"denki":1,"card":1,"koekake":49,"shodan":12,"seiyaku":1,"store_share":"","other_result":"","free":"本日もありがとうございました。"}', 0, 0, NULL, 1, '2026-06-25 19:30:00'),
(27, 1, 6, 2, 27, '2026-06-25', '{"mnp":2,"pi":0,"shinki":0,"kishuhen":0,"hikari":0,"wifi":0,"denki":0,"card":0,"koekake":41,"shodan":10,"seiyaku":3,"good_case":"家族連れに学割+光セットで3回線成約","store_share":"","other_result":"","free":"本日もありがとうございました。"}', 0, 0, NULL, 1, '2026-06-25 19:30:00'),
(28, 1, 7, 2, 28, '2026-06-25', '{"mnp":0,"pi":0,"shinki":1,"kishuhen":0,"hikari":0,"wifi":0,"denki":0,"card":0,"koekake":25,"shodan":6,"seiyaku":1,"store_share":"","other_result":"","free":"本日もありがとうございました。"}', 0, 0, NULL, 1, '2026-06-25 19:30:00'),
(29, 1, 8, 2, 29, '2026-06-25', '{"mnp":0,"pi":0,"shinki":1,"kishuhen":0,"hikari":1,"wifi":0,"denki":1,"card":0,"koekake":49,"shodan":12,"seiyaku":1,"store_share":"","other_result":"","free":"本日もありがとうございました。"}', 0, 0, NULL, 1, '2026-06-25 19:30:00'),
(30, 1, 15, 4, 30, '2026-06-25', '{"mnp":0,"pi":0,"shinki":2,"kishuhen":0,"hikari":2,"wifi":1,"denki":1,"card":0,"koekake":33,"shodan":8,"seiyaku":2,"good_case":"","store_share":"","other_result":"","free":"本日もありがとうございました。"}', 0, 0, NULL, 1, '2026-06-25 19:30:00'),
(31, 1, 16, 4, 31, '2026-06-25', '{"mnp":0,"pi":0,"shinki":2,"kishuhen":0,"hikari":2,"wifi":0,"denki":0,"card":0,"koekake":57,"shodan":14,"seiyaku":2,"good_case":"家族連れに学割+光セットで3回線成約","store_share":"","other_result":"","free":"本日もありがとうございました。"}', 0, 0, NULL, 1, '2026-06-25 19:30:00'),
(32, 1, 17, 4, 32, '2026-06-25', '{"mnp":0,"pi":0,"shinki":0,"kishuhen":0,"hikari":3,"wifi":0,"denki":0,"card":0,"koekake":41,"shodan":10,"seiyaku":3,"good_case":"他社比較表を使った提案が刺さった","store_share":"","other_result":"","free":"本日もありがとうございました。"}', 0, 0, NULL, 1, '2026-06-25 19:30:00'),
(33, 1, 1, 1, 33, '2026-06-26', '{"mnp":1,"pi":1,"shinki":2,"kishuhen":1,"hikari":0,"wifi":0,"denki":0,"card":0,"koekake":57,"shodan":14,"seiyaku":2,"store_share":"","other_result":"","free":"本日もありがとうございました。"}', 0, 0, NULL, 1, '2026-06-26 19:30:00'),
(34, 1, 3, 1, 34, '2026-06-26', '{"mnp":0,"pi":1,"shinki":1,"kishuhen":0,"hikari":0,"wifi":0,"denki":0,"card":0,"koekake":25,"shodan":6,"seiyaku":1,"store_share":"","other_result":"","free":"本日もありがとうございました。"}', 0, 0, NULL, 1, '2026-06-26 19:30:00'),
(35, 1, 4, 1, 35, '2026-06-26', '{"mnp":0,"pi":4,"shinki":1,"kishuhen":0,"hikari":1,"wifi":0,"denki":1,"card":1,"koekake":49,"shodan":12,"seiyaku":1,"store_share":"","other_result":"","free":"本日もありがとうございました。"}', 0, 0, NULL, 1, '2026-06-26 19:30:00'),
(36, 1, 5, 1, 36, '2026-06-26', '{"mnp":1,"pi":2,"shinki":2,"kishuhen":1,"hikari":1,"wifi":0,"denki":1,"card":1,"koekake":33,"shodan":8,"seiyaku":2,"good_case":"家族連れに学割+光セットで3回線成約","store_share":"","other_result":"","free":"本日もありがとうございました。"}', 0, 0, NULL, 1, '2026-06-26 19:30:00'),
(37, 1, 6, 2, 37, '2026-06-26', '{"mnp":0,"pi":0,"shinki":1,"kishuhen":0,"hikari":0,"wifi":0,"denki":0,"card":0,"koekake":25,"shodan":6,"seiyaku":1,"store_share":"","other_result":"","free":"本日もありがとうございました。"}', 0, 0, NULL, 1, '2026-06-26 19:30:00'),
(38, 1, 7, 2, 38, '2026-06-26', '{"mnp":0,"pi":0,"shinki":1,"kishuhen":0,"hikari":1,"wifi":0,"denki":1,"card":0,"koekake":49,"shodan":12,"seiyaku":1,"store_share":"","other_result":"","free":"本日もありがとうございました。"}', 0, 0, NULL, 1, '2026-06-26 19:30:00'),
(39, 1, 9, 2, 39, '2026-06-26', '{"mnp":1,"pi":0,"shinki":2,"kishuhen":0,"hikari":0,"wifi":0,"denki":0,"card":0,"koekake":57,"shodan":14,"seiyaku":2,"store_share":"","other_result":"","free":"本日もありがとうございました。"}', 0, 0, NULL, 1, '2026-06-26 19:30:00'),
(40, 1, 14, 4, 40, '2026-06-26', '{"mnp":0,"pi":0,"shinki":2,"kishuhen":0,"hikari":2,"wifi":1,"denki":1,"card":0,"koekake":33,"shodan":8,"seiyaku":2,"good_case":"","store_share":"","other_result":"","free":"本日もありがとうございました。"}', 0, 0, NULL, 1, '2026-06-26 19:30:00'),
(41, 1, 15, 4, 41, '2026-06-26', '{"mnp":0,"pi":0,"shinki":2,"kishuhen":0,"hikari":2,"wifi":0,"denki":0,"card":0,"koekake":57,"shodan":14,"seiyaku":2,"good_case":"家族連れに学割+光セットで3回線成約","store_share":"","other_result":"","free":"本日もありがとうございました。"}', 0, 0, NULL, 1, '2026-06-26 19:30:00'),
(42, 1, 16, 4, 42, '2026-06-26', '{"mnp":0,"pi":0,"shinki":0,"kishuhen":0,"hikari":3,"wifi":0,"denki":0,"card":0,"koekake":41,"shodan":10,"seiyaku":3,"good_case":"他社比較表を使った提案が刺さった","store_share":"","other_result":"","free":"本日もありがとうございました。"}', 0, 0, NULL, 1, '2026-06-26 19:30:00'),
(43, 1, 17, 4, 43, '2026-06-26', '{"mnp":0,"pi":0,"shinki":1,"kishuhen":0,"hikari":1,"wifi":0,"denki":0,"card":0,"koekake":25,"shodan":6,"seiyaku":1,"good_case":"高齢のお客様に丁寧な説明で機変+でんき獲得","store_share":"","other_result":"","free":"本日もありがとうございました。"}', 0, 0, NULL, 1, '2026-06-26 19:30:00'),
(44, 1, 2, 1, 44, '2026-06-27', '{"mnp":0,"pi":1,"shinki":1,"kishuhen":0,"hikari":0,"wifi":0,"denki":0,"card":0,"koekake":25,"shodan":6,"seiyaku":1,"store_share":"","other_result":"","free":"本日もありがとうございました。"}', 0, 0, NULL, 1, '2026-06-27 19:30:00'),
(45, 1, 3, 1, 45, '2026-06-27', '{"mnp":0,"pi":4,"shinki":1,"kishuhen":0,"hikari":1,"wifi":0,"denki":1,"card":1,"koekake":49,"shodan":12,"seiyaku":1,"store_share":"","other_result":"","free":"本日もありがとうございました。"}', 0, 0, NULL, 1, '2026-06-27 19:30:00'),
(46, 1, 4, 1, 46, '2026-06-27', '{"mnp":1,"pi":2,"shinki":2,"kishuhen":1,"hikari":1,"wifi":0,"denki":1,"card":1,"koekake":33,"shodan":8,"seiyaku":2,"good_case":"家族連れに学割+光セットで3回線成約","store_share":"","other_result":"","free":"本日もありがとうございました。"}', 0, 0, NULL, 1, '2026-06-27 19:30:00'),
(47, 1, 5, 1, 47, '2026-06-27', '{"mnp":1,"pi":1,"shinki":2,"kishuhen":1,"hikari":0,"wifi":0,"denki":0,"card":0,"koekake":57,"shodan":14,"seiyaku":2,"store_share":"","other_result":"","free":"本日もありがとうございました。"}', 0, 0, NULL, 1, '2026-06-27 19:30:00'),
(48, 1, 6, 2, 48, '2026-06-27', '{"mnp":0,"pi":0,"shinki":1,"kishuhen":0,"hikari":1,"wifi":0,"denki":1,"card":0,"koekake":49,"shodan":12,"seiyaku":1,"store_share":"","other_result":"","free":"本日もありがとうございました。"}', 0, 0, NULL, 1, '2026-06-27 19:30:00'),
(49, 1, 8, 2, 49, '2026-06-27', '{"mnp":1,"pi":0,"shinki":2,"kishuhen":0,"hikari":0,"wifi":0,"denki":0,"card":0,"koekake":57,"shodan":14,"seiyaku":2,"store_share":"","other_result":"","free":"本日もありがとうございました。"}', 0, 0, NULL, 1, '2026-06-27 19:30:00'),
(50, 1, 9, 2, 50, '2026-06-27', '{"mnp":2,"pi":0,"shinki":0,"kishuhen":0,"hikari":0,"wifi":0,"denki":0,"card":0,"koekake":41,"shodan":10,"seiyaku":3,"good_case":"家族連れに学割+光セットで3回線成約","store_share":"","other_result":"","free":"本日もありがとうございました。"}', 0, 0, NULL, 1, '2026-06-27 19:30:00'),
(51, 1, 10, 3, 51, '2026-06-27', '{"mnp":3,"pi":0,"shinki":2,"kishuhen":0,"hikari":1,"wifi":0,"denki":1,"card":0,"koekake":33,"shodan":8,"seiyaku":2,"good_case":"他社比較表を使った提案が刺さった","store_share":"","other_result":"","free":"本日もありがとうございました。"}', 0, 0, NULL, 1, '2026-06-27 19:30:00'),
(52, 1, 11, 3, 52, '2026-06-27', '{"mnp":3,"pi":0,"shinki":2,"kishuhen":0,"hikari":0,"wifi":0,"denki":0,"card":0,"koekake":57,"shodan":14,"seiyaku":2,"good_case":"高齢のお客様に丁寧な説明で機変+でんき獲得","store_share":"","other_result":"","free":"本日もありがとうございました。"}', 0, 0, NULL, 1, '2026-06-27 19:30:00'),
(53, 1, 12, 3, 53, '2026-06-27', '{"mnp":4,"pi":0,"shinki":0,"kishuhen":0,"hikari":0,"wifi":0,"denki":0,"card":0,"koekake":41,"shodan":10,"seiyaku":3,"good_case":"ポイント還元訴求で即決いただけた","store_share":"","other_result":"","free":"本日もありがとうございました。"}', 0, 0, NULL, 1, '2026-06-27 19:30:00'),
(54, 1, 14, 4, 54, '2026-06-27', '{"mnp":0,"pi":0,"shinki":2,"kishuhen":0,"hikari":2,"wifi":0,"denki":0,"card":0,"koekake":57,"shodan":14,"seiyaku":2,"good_case":"家族連れに学割+光セットで3回線成約","store_share":"","other_result":"","free":"本日もありがとうございました。"}', 0, 0, NULL, 1, '2026-06-27 19:30:00'),
(55, 1, 15, 4, 55, '2026-06-27', '{"mnp":0,"pi":0,"shinki":0,"kishuhen":0,"hikari":3,"wifi":0,"denki":0,"card":0,"koekake":41,"shodan":10,"seiyaku":3,"good_case":"他社比較表を使った提案が刺さった","store_share":"","other_result":"","free":"本日もありがとうございました。"}', 0, 0, NULL, 1, '2026-06-27 19:30:00'),
(56, 1, 16, 4, 56, '2026-06-27', '{"mnp":0,"pi":0,"shinki":1,"kishuhen":0,"hikari":1,"wifi":0,"denki":0,"card":0,"koekake":25,"shodan":6,"seiyaku":1,"good_case":"高齢のお客様に丁寧な説明で機変+でんき獲得","store_share":"","other_result":"","free":"本日もありがとうございました。"}', 0, 0, NULL, 1, '2026-06-27 19:30:00'),
(57, 1, 17, 4, 57, '2026-06-27', '{"mnp":0,"pi":0,"shinki":1,"kishuhen":0,"hikari":1,"wifi":1,"denki":1,"card":0,"koekake":49,"shodan":12,"seiyaku":1,"good_case":"ポイント還元訴求で即決いただけた","store_share":"","other_result":"","free":"本日もありがとうございました。"}', 0, 0, NULL, 1, '2026-06-27 19:30:00'),
(58, 1, 19, 5, 58, '2026-06-27', '{"mnp":0,"pi":0,"shinki":1,"kishuhen":0,"hikari":0,"wifi":0,"denki":0,"card":0,"koekake":25,"shodan":6,"seiyaku":1,"good_case":"家族連れに学割+光セットで3回線成約","store_share":"","other_result":"","free":"本日もありがとうございました。"}', 0, 0, NULL, 1, '2026-06-27 19:30:00'),
(59, 1, 20, 5, 59, '2026-06-27', '{"mnp":0,"pi":0,"shinki":1,"kishuhen":0,"hikari":1,"wifi":0,"denki":1,"card":0,"koekake":49,"shodan":12,"seiyaku":1,"good_case":"他社比較表を使った提案が刺さった","store_share":"","other_result":"","free":"本日もありがとうございました。"}', 0, 0, NULL, 1, '2026-06-27 19:30:00'),
(60, 1, 10, 3, 60, '2026-06-28', '{"mnp":3,"pi":0,"shinki":2,"kishuhen":0,"hikari":0,"wifi":0,"denki":0,"card":0,"koekake":57,"shodan":14,"seiyaku":2,"good_case":"高齢のお客様に丁寧な説明で機変+でんき獲得","store_share":"","other_result":"","free":"本日もありがとうございました。"}', 0, 0, NULL, 1, '2026-06-28 19:30:00'),
(61, 1, 11, 3, 61, '2026-06-28', '{"mnp":4,"pi":0,"shinki":0,"kishuhen":0,"hikari":0,"wifi":0,"denki":0,"card":0,"koekake":41,"shodan":10,"seiyaku":3,"good_case":"ポイント還元訴求で即決いただけた","store_share":"","other_result":"","free":"本日もありがとうございました。"}', 0, 0, NULL, 1, '2026-06-28 19:30:00'),
(62, 1, 13, 3, 62, '2026-06-28', '{"mnp":2,"pi":0,"shinki":1,"kishuhen":0,"hikari":1,"wifi":0,"denki":1,"card":0,"koekake":49,"shodan":12,"seiyaku":1,"good_case":"家族連れに学割+光セットで3回線成約","store_share":"","other_result":"","free":"本日もありがとうございました。"}', 0, 0, NULL, 1, '2026-06-28 19:30:00'),
(63, 1, 18, 5, 63, '2026-06-28', '{"mnp":0,"pi":0,"shinki":1,"kishuhen":0,"hikari":0,"wifi":0,"denki":0,"card":0,"koekake":25,"shodan":6,"seiyaku":1,"good_case":"家族連れに学割+光セットで3回線成約","store_share":"","other_result":"","free":"本日もありがとうございました。"}', 0, 0, NULL, 1, '2026-06-28 19:30:00'),
(64, 1, 19, 5, 64, '2026-06-28', '{"mnp":0,"pi":0,"shinki":1,"kishuhen":0,"hikari":1,"wifi":0,"denki":1,"card":0,"koekake":49,"shodan":12,"seiyaku":1,"good_case":"他社比較表を使った提案が刺さった","store_share":"","other_result":"","free":"本日もありがとうございました。"}', 0, 0, NULL, 1, '2026-06-28 19:30:00'),
(65, 1, 20, 5, 65, '2026-06-28', '{"mnp":1,"pi":0,"shinki":2,"kishuhen":0,"hikari":1,"wifi":0,"denki":1,"card":0,"koekake":33,"shodan":8,"seiyaku":2,"good_case":"高齢のお客様に丁寧な説明で機変+でんき獲得","store_share":"","other_result":"","free":"本日もありがとうございました。"}', 0, 0, NULL, 1, '2026-06-28 19:30:00'),
(66, 1, 1, 1, 66, '2026-06-29', '{"mnp":0,"pi":4,"shinki":1,"kishuhen":0,"hikari":1,"wifi":0,"denki":1,"card":1,"koekake":49,"shodan":12,"seiyaku":1,"store_share":"","other_result":"","free":"本日もありがとうございました。"}', 0, 0, NULL, 1, '2026-06-29 19:30:00'),
(67, 1, 2, 1, 67, '2026-06-29', '{"mnp":1,"pi":2,"shinki":2,"kishuhen":1,"hikari":1,"wifi":0,"denki":1,"card":1,"koekake":33,"shodan":8,"seiyaku":2,"good_case":"家族連れに学割+光セットで3回線成約","store_share":"","other_result":"","free":"本日もありがとうございました。"}', 0, 0, NULL, 1, '2026-06-29 19:30:00'),
(68, 1, 3, 1, 68, '2026-06-29', '{"mnp":1,"pi":1,"shinki":2,"kishuhen":1,"hikari":0,"wifi":0,"denki":0,"card":0,"koekake":57,"shodan":14,"seiyaku":2,"store_share":"","other_result":"","free":"本日もありがとうございました。"}', 0, 0, NULL, 1, '2026-06-29 19:30:00'),
(69, 1, 4, 1, 69, '2026-06-29', '{"mnp":2,"pi":3,"shinki":0,"kishuhen":2,"hikari":0,"wifi":0,"denki":0,"card":0,"koekake":41,"shodan":10,"seiyaku":3,"store_share":"","other_result":"","free":"本日もありがとうございました。"}', 0, 0, NULL, 1, '2026-06-29 19:30:00'),
(70, 1, 5, 1, 70, '2026-06-29', '{"mnp":0,"pi":1,"shinki":1,"kishuhen":0,"hikari":0,"wifi":0,"denki":0,"card":0,"koekake":25,"shodan":6,"seiyaku":1,"store_share":"","other_result":"","free":"本日もありがとうございました。"}', 0, 0, NULL, 1, '2026-06-29 19:30:00'),
(71, 1, 6, 2, 71, '2026-06-29', '{"mnp":1,"pi":0,"shinki":2,"kishuhen":0,"hikari":0,"wifi":0,"denki":0,"card":0,"koekake":57,"shodan":14,"seiyaku":2,"store_share":"","other_result":"","free":"本日もありがとうございました。"}', 0, 0, NULL, 1, '2026-06-29 19:30:00'),
(72, 1, 7, 2, 72, '2026-06-29', '{"mnp":2,"pi":0,"shinki":0,"kishuhen":0,"hikari":0,"wifi":0,"denki":0,"card":0,"koekake":41,"shodan":10,"seiyaku":3,"good_case":"家族連れに学割+光セットで3回線成約","store_share":"","other_result":"","free":"本日もありがとうございました。"}', 0, 0, NULL, 1, '2026-06-29 19:30:00'),
(73, 1, 8, 2, 73, '2026-06-29', '{"mnp":0,"pi":0,"shinki":1,"kishuhen":0,"hikari":0,"wifi":0,"denki":0,"card":0,"koekake":25,"shodan":6,"seiyaku":1,"good_case":"他社比較表を使った提案が刺さった","store_share":"","other_result":"","free":"本日もありがとうございました。"}', 0, 0, NULL, 1, '2026-06-29 19:30:00'),
(74, 1, 9, 2, 74, '2026-06-29', '{"mnp":0,"pi":0,"shinki":1,"kishuhen":0,"hikari":1,"wifi":0,"denki":1,"card":0,"koekake":49,"shodan":12,"seiyaku":1,"good_case":"高齢のお客様に丁寧な説明で機変+でんき獲得","store_share":"","other_result":"","free":"本日もありがとうございました。"}', 0, 0, NULL, 1, '2026-06-29 19:30:00'),
(75, 1, 14, 4, 75, '2026-06-29', '{"mnp":0,"pi":0,"shinki":1,"kishuhen":0,"hikari":1,"wifi":0,"denki":0,"card":0,"koekake":25,"shodan":6,"seiyaku":1,"good_case":"高齢のお客様に丁寧な説明で機変+でんき獲得","store_share":"","other_result":"","free":"本日もありがとうございました。"}', 0, 0, NULL, 1, '2026-06-29 19:30:00'),
(76, 1, 15, 4, 76, '2026-06-29', '{"mnp":0,"pi":0,"shinki":1,"kishuhen":0,"hikari":1,"wifi":1,"denki":1,"card":0,"koekake":49,"shodan":12,"seiyaku":1,"good_case":"ポイント還元訴求で即決いただけた","store_share":"","other_result":"","free":"本日もありがとうございました。"}', 0, 0, NULL, 1, '2026-06-29 19:30:00'),
(77, 1, 16, 4, 77, '2026-06-29', '{"mnp":0,"pi":0,"shinki":2,"kishuhen":0,"hikari":2,"wifi":1,"denki":1,"card":0,"koekake":33,"shodan":8,"seiyaku":2,"good_case":"","store_share":"","other_result":"","free":"本日もありがとうございました。"}', 0, 0, NULL, 1, '2026-06-29 19:30:00'),
(78, 1, 1, 1, 78, '2026-06-30', '{"mnp":1,"pi":2,"shinki":2,"kishuhen":1,"hikari":1,"wifi":0,"denki":1,"card":1,"koekake":33,"shodan":8,"seiyaku":2,"good_case":"家族連れに学割+光セットで3回線成約","store_share":"","other_result":"","free":"本日もありがとうございました。"}', 0, 0, NULL, 1, '2026-06-30 19:30:00'),
(79, 1, 2, 1, 79, '2026-06-30', '{"mnp":1,"pi":1,"shinki":2,"kishuhen":1,"hikari":0,"wifi":0,"denki":0,"card":0,"koekake":57,"shodan":14,"seiyaku":2,"store_share":"","other_result":"","free":"本日もありがとうございました。"}', 0, 0, NULL, 1, '2026-06-30 19:30:00'),
(80, 1, 3, 1, 80, '2026-06-30', '{"mnp":2,"pi":3,"shinki":0,"kishuhen":2,"hikari":0,"wifi":0,"denki":0,"card":0,"koekake":41,"shodan":10,"seiyaku":3,"store_share":"","other_result":"","free":"本日もありがとうございました。"}', 0, 0, NULL, 1, '2026-06-30 19:30:00'),
(81, 1, 4, 1, 81, '2026-06-30', '{"mnp":0,"pi":1,"shinki":1,"kishuhen":0,"hikari":0,"wifi":0,"denki":0,"card":0,"koekake":25,"shodan":6,"seiyaku":1,"store_share":"","other_result":"","free":"本日もありがとうございました。"}', 0, 0, NULL, 1, '2026-06-30 19:30:00'),
(82, 1, 6, 2, 82, '2026-06-30', '{"mnp":2,"pi":0,"shinki":0,"kishuhen":0,"hikari":0,"wifi":0,"denki":0,"card":0,"koekake":41,"shodan":10,"seiyaku":3,"good_case":"家族連れに学割+光セットで3回線成約","store_share":"","other_result":"","free":"本日もありがとうございました。"}', 0, 0, NULL, 1, '2026-06-30 19:30:00'),
(83, 1, 7, 2, 83, '2026-06-30', '{"mnp":0,"pi":0,"shinki":1,"kishuhen":0,"hikari":0,"wifi":0,"denki":0,"card":0,"koekake":25,"shodan":6,"seiyaku":1,"good_case":"他社比較表を使った提案が刺さった","store_share":"","other_result":"","free":"本日もありがとうございました。"}', 0, 0, NULL, 1, '2026-06-30 19:30:00'),
(84, 1, 8, 2, 84, '2026-06-30', '{"mnp":0,"pi":0,"shinki":1,"kishuhen":0,"hikari":1,"wifi":0,"denki":1,"card":0,"koekake":49,"shodan":12,"seiyaku":1,"good_case":"高齢のお客様に丁寧な説明で機変+でんき獲得","store_share":"","other_result":"","free":"本日もありがとうございました。"}', 0, 0, NULL, 1, '2026-06-30 19:30:00'),
(85, 1, 9, 2, 85, '2026-06-30', '{"mnp":1,"pi":0,"shinki":2,"kishuhen":0,"hikari":1,"wifi":0,"denki":1,"card":0,"koekake":33,"shodan":8,"seiyaku":2,"good_case":"ポイント還元訴求で即決いただけた","store_share":"","other_result":"","free":"本日もありがとうございました。"}', 0, 0, NULL, 1, '2026-06-30 19:30:00'),
(86, 1, 14, 4, 86, '2026-06-30', '{"mnp":0,"pi":0,"shinki":1,"kishuhen":0,"hikari":1,"wifi":1,"denki":1,"card":0,"koekake":49,"shodan":12,"seiyaku":1,"good_case":"ポイント還元訴求で即決いただけた","store_share":"","other_result":"","free":"本日もありがとうございました。"}', 0, 0, NULL, 1, '2026-06-30 19:30:00'),
(87, 1, 15, 4, 87, '2026-06-30', '{"mnp":0,"pi":0,"shinki":2,"kishuhen":0,"hikari":2,"wifi":1,"denki":1,"card":0,"koekake":33,"shodan":8,"seiyaku":2,"good_case":"","store_share":"","other_result":"","free":"本日もありがとうございました。"}', 0, 0, NULL, 1, '2026-06-30 19:30:00'),
(88, 1, 17, 4, 88, '2026-06-30', '{"mnp":0,"pi":0,"shinki":0,"kishuhen":0,"hikari":3,"wifi":0,"denki":0,"card":0,"koekake":41,"shodan":10,"seiyaku":3,"good_case":"他社比較表を使った提案が刺さった","store_share":"","other_result":"","free":"本日もありがとうございました。"}', 0, 0, NULL, 1, '2026-06-30 19:30:00'),
(89, 1, 1, 1, 89, '2026-07-01', '{"mnp":1,"pi":1,"shinki":2,"kishuhen":1,"hikari":0,"wifi":0,"denki":0,"card":0,"koekake":57,"shodan":14,"seiyaku":2,"store_share":"","other_result":"","free":"本日もありがとうございました。"}', 0, 0, NULL, 1, '2026-07-01 19:30:00'),
(90, 1, 2, 1, 90, '2026-07-01', '{"mnp":2,"pi":3,"shinki":0,"kishuhen":2,"hikari":0,"wifi":0,"denki":0,"card":0,"koekake":41,"shodan":10,"seiyaku":3,"store_share":"","other_result":"","free":"本日もありがとうございました。"}', 0, 0, NULL, 1, '2026-07-01 19:30:00'),
(91, 1, 3, 1, 91, '2026-07-01', '{"mnp":0,"pi":1,"shinki":1,"kishuhen":0,"hikari":0,"wifi":0,"denki":0,"card":0,"koekake":25,"shodan":6,"seiyaku":1,"store_share":"","other_result":"","free":"本日もありがとうございました。"}', 0, 0, NULL, 1, '2026-07-01 19:30:00'),
(92, 1, 5, 1, 92, '2026-07-01', '{"mnp":1,"pi":2,"shinki":2,"kishuhen":1,"hikari":1,"wifi":0,"denki":1,"card":1,"koekake":33,"shodan":8,"seiyaku":2,"good_case":"家族連れに学割+光セットで3回線成約","store_share":"","other_result":"","free":"本日もありがとうございました。"}', 0, 0, NULL, 1, '2026-07-01 19:30:00'),
(93, 1, 6, 2, 93, '2026-07-01', '{"mnp":0,"pi":0,"shinki":1,"kishuhen":0,"hikari":0,"wifi":0,"denki":0,"card":0,"koekake":25,"shodan":6,"seiyaku":1,"good_case":"他社比較表を使った提案が刺さった","store_share":"","other_result":"","free":"本日もありがとうございました。"}', 0, 0, NULL, 1, '2026-07-01 19:30:00'),
(94, 1, 7, 2, 94, '2026-07-01', '{"mnp":0,"pi":0,"shinki":1,"kishuhen":0,"hikari":1,"wifi":0,"denki":1,"card":0,"koekake":49,"shodan":12,"seiyaku":1,"good_case":"高齢のお客様に丁寧な説明で機変+でんき獲得","store_share":"","other_result":"","free":"説明不足との指摘をお客様から受けました。店長へ報告・謝罪済みです。"}', 0, 1, NULL, 1, '2026-07-01 19:30:00'),
(95, 1, 8, 2, 95, '2026-07-01', '{"mnp":1,"pi":0,"shinki":2,"kishuhen":0,"hikari":1,"wifi":0,"denki":1,"card":0,"koekake":33,"shodan":8,"seiyaku":2,"good_case":"ポイント還元訴求で即決いただけた","store_share":"","other_result":"","free":"本日もありがとうございました。"}', 0, 0, NULL, 1, '2026-07-01 19:30:00'),
(96, 1, 9, 2, 96, '2026-07-01', '{"mnp":1,"pi":0,"shinki":2,"kishuhen":0,"hikari":0,"wifi":0,"denki":0,"card":0,"koekake":57,"shodan":14,"seiyaku":2,"good_case":"","store_share":"","other_result":"","free":"本日もありがとうございました。"}', 0, 0, NULL, 1, '2026-07-01 19:30:00'),
(97, 1, 14, 4, 97, '2026-07-01', '{"mnp":0,"pi":0,"shinki":2,"kishuhen":0,"hikari":2,"wifi":1,"denki":1,"card":0,"koekake":33,"shodan":8,"seiyaku":2,"good_case":"","store_share":"","other_result":"","free":"本日もありがとうございました。"}', 0, 0, NULL, 1, '2026-07-01 19:30:00'),
(98, 1, 16, 4, 98, '2026-07-01', '{"mnp":0,"pi":0,"shinki":0,"kishuhen":0,"hikari":3,"wifi":0,"denki":0,"card":0,"koekake":41,"shodan":10,"seiyaku":3,"good_case":"他社比較表を使った提案が刺さった","store_share":"","other_result":"","free":"本日もありがとうございました。"}', 0, 0, NULL, 1, '2026-07-01 19:30:00'),
(99, 1, 17, 4, 99, '2026-07-01', '{"mnp":0,"pi":0,"shinki":1,"kishuhen":0,"hikari":1,"wifi":0,"denki":0,"card":0,"koekake":25,"shodan":6,"seiyaku":1,"good_case":"高齢のお客様に丁寧な説明で機変+でんき獲得","store_share":"","other_result":"","free":"本日もありがとうございました。"}', 0, 0, NULL, 1, '2026-07-01 19:30:00'),
(100, 1, 1, 1, 100, '2026-07-02', '{"mnp":2,"pi":3,"shinki":0,"kishuhen":2,"hikari":0,"wifi":0,"denki":0,"card":0,"koekake":41,"shodan":10,"seiyaku":3,"store_share":"","other_result":"","free":"本日もありがとうございました。"}', 0, 0, NULL, 1, '2026-07-02 19:30:00'),
(101, 1, 2, 1, 101, '2026-07-02', '{"mnp":0,"pi":1,"shinki":1,"kishuhen":0,"hikari":0,"wifi":0,"denki":0,"card":0,"koekake":25,"shodan":6,"seiyaku":1,"store_share":"","other_result":"","free":"本日もありがとうございました。"}', 0, 0, NULL, 1, '2026-07-02 19:30:00'),
(102, 1, 5, 1, 103, '2026-07-02', '{"mnp":1,"pi":1,"shinki":2,"kishuhen":1,"hikari":0,"wifi":0,"denki":0,"card":0,"koekake":57,"shodan":14,"seiyaku":2,"good_case":"他社比較表を使った提案が刺さった","store_share":"","other_result":"","free":"本日もありがとうございました。"}', 0, 0, NULL, 1, '2026-07-02 19:30:00'),
(103, 1, 6, 2, 104, '2026-07-02', '{"mnp":0,"pi":0,"shinki":1,"kishuhen":0,"hikari":1,"wifi":0,"denki":1,"card":0,"koekake":49,"shodan":12,"seiyaku":1,"good_case":"高齢のお客様に丁寧な説明で機変+でんき獲得","store_share":"","other_result":"","free":"本日もありがとうございました。"}', 0, 0, NULL, 1, '2026-07-02 19:30:00'),
(104, 1, 7, 2, 105, '2026-07-02', '{"mnp":1,"pi":0,"shinki":2,"kishuhen":0,"hikari":1,"wifi":0,"denki":1,"card":0,"koekake":33,"shodan":8,"seiyaku":2,"good_case":"ポイント還元訴求で即決いただけた","store_share":"","other_result":"","free":"本日もありがとうございました。"}', 0, 0, NULL, 1, '2026-07-02 19:30:00'),
(105, 1, 8, 2, 106, '2026-07-02', '{"mnp":1,"pi":0,"shinki":2,"kishuhen":0,"hikari":0,"wifi":0,"denki":0,"card":0,"koekake":57,"shodan":14,"seiyaku":2,"good_case":"","store_share":"","other_result":"","free":"本日もありがとうございました。"}', 0, 0, NULL, 1, '2026-07-02 19:30:00'),
(106, 1, 15, 4, 107, '2026-07-02', '{"mnp":0,"pi":0,"shinki":0,"kishuhen":0,"hikari":3,"wifi":0,"denki":0,"card":0,"koekake":41,"shodan":10,"seiyaku":3,"good_case":"他社比較表を使った提案が刺さった","store_share":"","other_result":"","free":"本日もありがとうございました。"}', 0, 0, NULL, 1, '2026-07-02 19:30:00'),
(107, 1, 16, 4, 108, '2026-07-02', '{"mnp":0,"pi":0,"shinki":1,"kishuhen":0,"hikari":1,"wifi":0,"denki":0,"card":0,"koekake":25,"shodan":6,"seiyaku":1,"good_case":"高齢のお客様に丁寧な説明で機変+でんき獲得","store_share":"","other_result":"","free":"本日もありがとうございました。"}', 0, 0, NULL, 1, '2026-07-02 19:30:00'),
(108, 1, 17, 4, 109, '2026-07-02', '{"mnp":0,"pi":0,"shinki":1,"kishuhen":0,"hikari":1,"wifi":1,"denki":1,"card":0,"koekake":49,"shodan":12,"seiyaku":1,"good_case":"ポイント還元訴求で即決いただけた","store_share":"","other_result":"","free":"本日もありがとうございました。"}', 0, 0, NULL, 1, '2026-07-02 19:30:00'),
(109, 1, 1, 1, 110, '2026-07-03', '{"mnp":0,"pi":1,"shinki":1,"kishuhen":0,"hikari":0,"wifi":0,"denki":0,"card":0,"koekake":25,"shodan":6,"seiyaku":1,"store_share":"","other_result":"","free":"本日もありがとうございました。"}', 0, 0, 'PI好調です。この調子で！', 1, '2026-07-03 19:30:00'),
(110, 1, 3, 1, 111, '2026-07-03', '{"mnp":1,"pi":2,"shinki":2,"kishuhen":1,"hikari":1,"wifi":0,"denki":1,"card":1,"koekake":33,"shodan":8,"seiyaku":2,"good_case":"家族連れに学割+光セットで3回線成約","store_share":"","other_result":"","free":"本日もありがとうございました。"}', 0, 0, NULL, 1, '2026-07-03 19:30:00'),
(111, 1, 5, 1, 113, '2026-07-03', '{"mnp":2,"pi":3,"shinki":0,"kishuhen":2,"hikari":0,"wifi":0,"denki":0,"card":0,"koekake":41,"shodan":10,"seiyaku":3,"good_case":"高齢のお客様に丁寧な説明で機変+でんき獲得","store_share":"","other_result":"","free":"本日もありがとうございました。"}', 0, 0, NULL, 1, '2026-07-03 19:30:00'),
(112, 1, 6, 2, 114, '2026-07-03', '{"mnp":1,"pi":0,"shinki":2,"kishuhen":0,"hikari":1,"wifi":0,"denki":1,"card":0,"koekake":33,"shodan":8,"seiyaku":2,"good_case":"ポイント還元訴求で即決いただけた","store_share":"店頭在庫が少なくなっています。共有お願いします。","other_result":"","free":"本日もありがとうございました。"}', 0, 0, NULL, 1, '2026-07-03 19:30:00'),
(113, 1, 7, 2, 115, '2026-07-03', '{"mnp":1,"pi":0,"shinki":2,"kishuhen":0,"hikari":0,"wifi":0,"denki":0,"card":0,"koekake":57,"shodan":14,"seiyaku":2,"good_case":"","store_share":"","other_result":"","free":"本日もありがとうございました。"}', 0, 0, NULL, 1, '2026-07-03 19:30:00'),
(114, 1, 9, 2, 116, '2026-07-03', '{"mnp":0,"pi":0,"shinki":1,"kishuhen":0,"hikari":0,"wifi":0,"denki":0,"card":0,"koekake":25,"shodan":6,"seiyaku":1,"good_case":"他社比較表を使った提案が刺さった","store_share":"","other_result":"","free":"本日もありがとうございました。"}', 0, 0, NULL, 1, '2026-07-03 19:30:00'),
(115, 1, 14, 4, 117, '2026-07-03', '{"mnp":0,"pi":0,"shinki":0,"kishuhen":0,"hikari":3,"wifi":0,"denki":0,"card":0,"koekake":41,"shodan":10,"seiyaku":3,"good_case":"他社比較表を使った提案が刺さった","store_share":"","other_result":"","free":"本日もありがとうございました。"}', 0, 0, NULL, 1, '2026-07-03 19:30:00'),
(116, 1, 15, 4, 118, '2026-07-03', '{"mnp":0,"pi":0,"shinki":1,"kishuhen":0,"hikari":1,"wifi":0,"denki":0,"card":0,"koekake":25,"shodan":6,"seiyaku":1,"good_case":"高齢のお客様に丁寧な説明で機変+でんき獲得","store_share":"","other_result":"","free":"本日もありがとうございました。"}', 0, 0, NULL, 1, '2026-07-03 19:30:00'),
(117, 1, 16, 4, 119, '2026-07-03', '{"mnp":0,"pi":0,"shinki":1,"kishuhen":0,"hikari":1,"wifi":1,"denki":1,"card":0,"koekake":49,"shodan":12,"seiyaku":1,"good_case":"ポイント還元訴求で即決いただけた","store_share":"","other_result":"","free":"本日もありがとうございました。"}', 0, 0, NULL, 1, '2026-07-03 19:30:00'),
(118, 1, 17, 4, 120, '2026-07-03', '{"mnp":0,"pi":0,"shinki":2,"kishuhen":0,"hikari":2,"wifi":1,"denki":1,"card":0,"koekake":33,"shodan":8,"seiyaku":2,"good_case":"","store_share":"","other_result":"","free":"本日もありがとうございました。"}', 0, 0, NULL, 1, '2026-07-03 19:30:00'),
(119, 1, 2, 1, 121, '2026-07-04', '{"mnp":1,"pi":2,"shinki":2,"kishuhen":1,"hikari":1,"wifi":0,"denki":1,"card":1,"koekake":33,"shodan":8,"seiyaku":2,"good_case":"家族連れに学割+光セットで3回線成約","store_share":"","other_result":"","free":"本日もありがとうございました。"}', 0, 0, NULL, 0, '2026-07-04 19:30:00'),
(120, 1, 3, 1, 122, '2026-07-04', '{"mnp":1,"pi":1,"shinki":2,"kishuhen":1,"hikari":0,"wifi":0,"denki":0,"card":0,"koekake":57,"shodan":14,"seiyaku":2,"good_case":"他社比較表を使った提案が刺さった","store_share":"","other_result":"","free":"本日もありがとうございました。"}', 0, 0, NULL, 0, '2026-07-04 19:30:00'),
(121, 1, 5, 1, 124, '2026-07-04', '{"mnp":0,"pi":1,"shinki":1,"kishuhen":0,"hikari":0,"wifi":0,"denki":0,"card":0,"koekake":25,"shodan":6,"seiyaku":1,"good_case":"ポイント還元訴求で即決いただけた","store_share":"","other_result":"","free":"本日もありがとうございました。"}', 0, 0, NULL, 0, '2026-07-04 19:30:00'),
(122, 1, 6, 2, 125, '2026-07-04', '{"mnp":1,"pi":0,"shinki":2,"kishuhen":0,"hikari":0,"wifi":0,"denki":0,"card":0,"koekake":57,"shodan":14,"seiyaku":2,"good_case":"","store_share":"","other_result":"","free":"本日もありがとうございました。"}', 0, 0, NULL, 0, '2026-07-04 19:30:00'),
(123, 1, 8, 2, 126, '2026-07-04', '{"mnp":0,"pi":0,"shinki":1,"kishuhen":0,"hikari":0,"wifi":0,"denki":0,"card":0,"koekake":25,"shodan":6,"seiyaku":1,"good_case":"他社比較表を使った提案が刺さった","store_share":"","other_result":"","free":"本日もありがとうございました。"}', 0, 0, NULL, 0, '2026-07-04 19:30:00'),
(124, 1, 9, 2, 127, '2026-07-04', '{"mnp":0,"pi":0,"shinki":1,"kishuhen":0,"hikari":1,"wifi":0,"denki":1,"card":0,"koekake":49,"shodan":12,"seiyaku":1,"good_case":"高齢のお客様に丁寧な説明で機変+でんき獲得","store_share":"","other_result":"","free":"本日もありがとうございました。"}', 0, 0, NULL, 0, '2026-07-04 19:30:00'),
(125, 1, 10, 3, 128, '2026-07-04', '{"mnp":4,"pi":0,"shinki":0,"kishuhen":0,"hikari":0,"wifi":0,"denki":0,"card":0,"koekake":41,"shodan":10,"seiyaku":3,"good_case":"ポイント還元訴求で即決いただけた","store_share":"","other_result":"","free":"本日もありがとうございました。"}', 0, 0, NULL, 0, '2026-07-04 19:30:00'),
(126, 1, 11, 3, 129, '2026-07-04', '{"mnp":2,"pi":0,"shinki":1,"kishuhen":0,"hikari":0,"wifi":0,"denki":0,"card":0,"koekake":25,"shodan":6,"seiyaku":1,"good_case":"","store_share":"","other_result":"","free":"本日もありがとうございました。"}', 0, 0, NULL, 0, '2026-07-04 19:30:00'),
(127, 1, 12, 3, 130, '2026-07-04', '{"mnp":2,"pi":0,"shinki":1,"kishuhen":0,"hikari":1,"wifi":0,"denki":1,"card":0,"koekake":49,"shodan":12,"seiyaku":1,"good_case":"家族連れに学割+光セットで3回線成約","store_share":"","other_result":"","free":"本日もありがとうございました。"}', 0, 0, NULL, 0, '2026-07-04 19:30:00'),
(128, 1, 14, 4, 131, '2026-07-04', '{"mnp":0,"pi":0,"shinki":1,"kishuhen":0,"hikari":1,"wifi":0,"denki":0,"card":0,"koekake":25,"shodan":6,"seiyaku":1,"good_case":"高齢のお客様に丁寧な説明で機変+でんき獲得","store_share":"","other_result":"","free":"本日もありがとうございました。"}', 0, 0, NULL, 0, '2026-07-04 19:30:00'),
(129, 1, 15, 4, 132, '2026-07-04', '{"mnp":0,"pi":0,"shinki":1,"kishuhen":0,"hikari":1,"wifi":1,"denki":1,"card":0,"koekake":49,"shodan":12,"seiyaku":1,"good_case":"ポイント還元訴求で即決いただけた","store_share":"","other_result":"","free":"本日もありがとうございました。"}', 0, 0, NULL, 0, '2026-07-04 19:30:00'),
(130, 1, 17, 4, 134, '2026-07-04', '{"mnp":0,"pi":0,"shinki":2,"kishuhen":0,"hikari":2,"wifi":0,"denki":0,"card":0,"koekake":57,"shodan":14,"seiyaku":2,"good_case":"家族連れに学割+光セットで3回線成約","store_share":"","other_result":"","free":"本日もありがとうございました。"}', 0, 0, NULL, 0, '2026-07-04 19:30:00'),
(131, 1, 19, 5, 135, '2026-07-04', '{"mnp":1,"pi":0,"shinki":2,"kishuhen":0,"hikari":1,"wifi":0,"denki":1,"card":0,"koekake":33,"shodan":8,"seiyaku":2,"good_case":"高齢のお客様に丁寧な説明で機変+でんき獲得","store_share":"","other_result":"","free":"本日もありがとうございました。"}', 0, 0, NULL, 0, '2026-07-04 19:30:00'),
(132, 1, 20, 5, 136, '2026-07-04', '{"mnp":1,"pi":0,"shinki":2,"kishuhen":0,"hikari":0,"wifi":0,"denki":0,"card":0,"koekake":57,"shodan":14,"seiyaku":2,"good_case":"ポイント還元訴求で即決いただけた","store_share":"","other_result":"","free":"本日もありがとうございました。"}', 0, 0, NULL, 0, '2026-07-04 19:30:00'),
(133, 1, 10, 3, 137, '2026-07-05', '{"mnp":2,"pi":0,"shinki":1,"kishuhen":0,"hikari":0,"wifi":0,"denki":0,"card":0,"koekake":25,"shodan":6,"seiyaku":1,"good_case":"","store_share":"","other_result":"","free":"本日もありがとうございました。"}', 0, 0, NULL, 0, '2026-07-05 19:30:00'),
(134, 1, 13, 3, 139, '2026-07-05', '{"mnp":3,"pi":0,"shinki":2,"kishuhen":0,"hikari":0,"wifi":0,"denki":0,"card":0,"koekake":57,"shodan":14,"seiyaku":2,"good_case":"高齢のお客様に丁寧な説明で機変+でんき獲得","store_share":"","other_result":"","free":"本日もありがとうございました。"}', 0, 0, NULL, 0, '2026-07-05 19:30:00'),
(135, 1, 18, 5, 140, '2026-07-05', '{"mnp":1,"pi":0,"shinki":2,"kishuhen":0,"hikari":1,"wifi":0,"denki":1,"card":0,"koekake":33,"shodan":8,"seiyaku":2,"good_case":"高齢のお客様に丁寧な説明で機変+でんき獲得","store_share":"","other_result":"","free":"本日もありがとうございました。"}', 0, 0, NULL, 0, '2026-07-05 19:30:00'),
(136, 1, 19, 5, 141, '2026-07-05', '{"mnp":1,"pi":0,"shinki":2,"kishuhen":0,"hikari":0,"wifi":0,"denki":0,"card":0,"koekake":57,"shodan":14,"seiyaku":2,"good_case":"ポイント還元訴求で即決いただけた","store_share":"","other_result":"","free":"本日もありがとうございました。"}', 0, 0, NULL, 0, '2026-07-05 19:30:00'),
(137, 1, 20, 5, 142, '2026-07-05', '{"mnp":2,"pi":0,"shinki":0,"kishuhen":0,"hikari":0,"wifi":0,"denki":0,"card":0,"koekake":41,"shodan":10,"seiyaku":3,"good_case":"","store_share":"","other_result":"","free":"本日もありがとうございました。"}', 0, 0, NULL, 0, '2026-07-05 19:30:00');

INSERT OR IGNORE INTO notices (notice_id, company_id, title, body, target_type, target_ids, importance, read_required, published_at, created_by) VALUES
 (1, 1, '【重要】7月キャンペーン施策について', '7月度は光回線+でんきセットのキャンペーンが開始されます。訴求ポイント資料を必ず確認の上、稼働してください。', 'all', '', 'important', 1, '2026-07-04 10:00:00', 2),
 (2, 1, '猛暑対策のお願い', '連日猛暑が続いています。移動時の水分補給・体調管理をお願いします。体調不良時は無理せず早めに連絡してください。', 'all', '', 'normal', 0, '2026-07-02 09:00:00', 2),
 (3, 1, '幕張催事：週末ブースレイアウト変更', '今週末より催事ブースのレイアウトが変更になります。設営手順書を添付しますので確認してください。', 'project', '3', 'important', 1, '2026-07-05 18:00:00', 2),
 (4, 1, '交通費申請の締切について', '今月分の交通費申請は月末最終稼働日までに日報備考欄へ記載をお願いします。', 'all', '', 'normal', 0, '2026-06-30 12:00:00', 3);

INSERT OR IGNORE INTO notice_reads (notice_id, user_id, read_at) VALUES
(1, 5, '2026-07-05 20:00:00'),
(2, 5, '2026-07-03 20:00:00'),
(1, 6, '2026-07-05 20:00:00'),
(2, 6, '2026-07-03 20:00:00'),
(1, 7, '2026-07-05 20:00:00'),
(2, 7, '2026-07-03 20:00:00'),
(1, 8, '2026-07-05 20:00:00'),
(2, 8, '2026-07-03 20:00:00'),
(1, 9, '2026-07-05 20:00:00'),
(2, 9, '2026-07-03 20:00:00'),
(1, 10, '2026-07-05 20:00:00'),
(2, 10, '2026-07-03 20:00:00'),
(1, 11, '2026-07-05 20:00:00'),
(2, 11, '2026-07-03 20:00:00'),
(1, 12, '2026-07-05 20:00:00'),
(2, 12, '2026-07-03 20:00:00'),
(1, 13, '2026-07-05 20:00:00'),
(2, 13, '2026-07-03 20:00:00'),
(1, 14, '2026-07-05 20:00:00'),
(2, 14, '2026-07-03 20:00:00'),
(1, 15, '2026-07-05 20:00:00'),
(2, 15, '2026-07-03 20:00:00'),
(1, 16, '2026-07-05 20:00:00'),
(2, 16, '2026-07-03 20:00:00'),
(1, 17, '2026-07-05 20:00:00'),
(2, 17, '2026-07-03 20:00:00'),
(1, 18, '2026-07-05 20:00:00'),
(2, 18, '2026-07-03 20:00:00');

INSERT OR IGNORE INTO follow_logs (follow_id, company_id, staff_id, manager_id, follow_type, content, next_action, status, related_project_id, created_at) VALUES
 (1, 1, 4, 2, 'interview', '日報未提出が続いている件で面談。業務量とモチベーション低下を確認。シフト調整を検討。', '1週間後に再面談。シフトを週3に調整して様子を見る。', 'open', 1, '2026-07-03 15:00:00'),
 (2, 1, 9, 2, 'phone', '入店報告の遅れについて電話確認。前日夜の準備を促した。', '今週の入店報告を毎日チェック。', 'open', 2, '2026-07-04 20:00:00'),
 (3, 1, 1, 2, 'praise', 'PI実績が2ヶ月連続で目標超過。称賛の連絡。', NULL, 'done', 1, '2026-07-01 11:00:00'),
 (4, 1, 16, 2, 'health', '欠勤が続いたため体調確認の連絡。回復傾向とのこと。', '次回稼働日に対面で様子確認。', 'open', 4, '2026-07-05 10:00:00'),
 (5, 1, 13, 2, 'claim', '申込書記入漏れインシデントについてヒアリング。チェックリスト運用を指導。', 'チェックリスト運用1週間後に確認。', 'open', 3, '2026-07-05 16:00:00');

INSERT OR IGNORE INTO consultations (consultation_id, company_id, staff_id, category, body, urgency, target_project_id, target_date, manager_reply, status, created_at) VALUES
 (1, 1, 16, 'health', '先週から体調が優れず、今週のシフトについて相談させてください。', 'high', 4, '2026-07-07', '無理しないでください。明日のシフトは代打を手配します。回復したら連絡ください。', 'in_progress', '2026-07-05 09:30:00'),
 (2, 1, 7, 'store_trouble', '店舗の担当社員の方との連携がうまくいっていません。声かけ位置の指示が日によって変わり困っています。', 'normal', 2, NULL, NULL, 'open', '2026-07-06 08:00:00'),
 (3, 1, 12, 'shift', '来週の土曜日、家庭の事情でシフトを変更していただきたいです。', 'normal', 3, '2026-07-12', '了解です。代わりのスタッフを調整します。', 'done', '2026-07-04 19:00:00');

INSERT OR IGNORE INTO evaluations (evaluation_id, company_id, staff_id, evaluator_id, evaluation_period, attendance_score, report_score, performance_score, client_score, growth_score, retention_score, comment) VALUES
(1, 1, 1, 2, '2026-06', 4, 3, 3, 4, 4, 4, NULL),
(2, 1, 2, 2, '2026-06', 3, 4, 3, 3, 4, 4, NULL),
(3, 1, 3, 2, '2026-06', 3, 4, 3, 3, 4, 4, NULL),
(4, 1, 4, 2, '2026-06', 2, 2, 2, 4, 2, 1, '日報提出と報告の安定化が課題。'),
(5, 1, 5, 2, '2026-06', 3, 4, 3, 3, 4, 4, NULL),
(6, 1, 6, 2, '2026-06', 3, 4, 3, 3, 4, 4, NULL),
(7, 1, 7, 2, '2026-06', 4, 3, 3, 4, 4, 4, NULL),
(8, 1, 8, 2, '2026-06', 3, 4, 3, 3, 4, 4, NULL),
(9, 1, 9, 2, '2026-06', 2, 2, 3, 3, 2, 4, NULL),
(10, 1, 10, 2, '2026-06', 4, 3, 3, 4, 4, 4, NULL),
(11, 1, 11, 2, '2026-06', 3, 4, 3, 3, 4, 4, NULL),
(12, 1, 12, 2, '2026-06', 3, 4, 3, 3, 4, 4, NULL),
(13, 1, 13, 2, '2026-06', 4, 3, 3, 4, 4, 4, NULL),
(14, 1, 14, 2, '2026-06', 3, 4, 3, 3, 4, 4, NULL),
(15, 1, 15, 2, '2026-06', 3, 4, 3, 3, 4, 4, NULL),
(16, 1, 16, 2, '2026-06', 4, 3, 3, 4, 4, 2, NULL),
(17, 1, 17, 2, '2026-06', 3, 4, 3, 3, 4, 4, NULL),
(18, 1, 18, 2, '2026-06', 3, 4, 3, 3, 4, 4, NULL),
(19, 1, 19, 2, '2026-06', 4, 3, 3, 4, 4, 4, NULL),
(20, 1, 20, 2, '2026-06', 3, 4, 3, 3, 4, 4, NULL);
